player,org,agents,rounds_played,rating,average_combat_score,kill_deaths,kill_assists_survived_traded,average_damage_per_round,kills_per_round,assists_per_round,first_kills_per_round,first_deaths_per_round,headshot_percentage,clutch_success_percentage,region,league,zscore
elfie,MKS,"['reyna', 'raze', 'omen']",310,1.27,260.7,1.21,78.0,169.8,0.9,0.31,0.13,0.12,26.0,23.0,ap,gc,13.748756060196289
par,scofield,"['reyna', 'phoenix', 'raze']",269,1.22,255.8,1.21,70.0,164.2,0.9,0.2,0.19,0.11,29.0,33.0,ap,challengers,13.737329344497184
ZesBeeW,BME,"['omen', 'viper', 'brimstone']",475,1.21,214.7,1.27,79.0,136.7,0.79,0.43,0.08,0.05,20.0,12.0,ap,challengers,7.498474510722237
alyaL,FPT,"['viper', 'fade', 'killjoy']",216,1.2,238.5,1.26,75.0,159.7,0.8300000000000001,0.29,0.12,0.1,28.0,6.0,ap,challengers,7.99988217853928
marky,OAS,"['viper', 'astra', 'sova']",294,1.2,237.8,1.23,81.0,151.8,0.85,0.31,0.16,0.12,25.0,8.0,ap,challengers,9.56886249737536
PapiChulo,NAOS,"['omen', 'viper', 'brimstone']",417,1.19,209.8,1.23,77.0,137.6,0.77,0.35000000000000003,0.06,0.07,26.0,18.0,ap,challengers,6.518049367405414
PIETY,SISU,"['viper', 'killjoy', 'cypher']",358,1.19,225.8,1.26,75.0,152.2,0.79,0.26,0.08,0.02,32.0,16.0,ap,gc,10.010818520377065
seph1roth,MITH,"['killjoy', 'viper', 'cypher']",366,1.19,229.1,1.31,74.0,151.7,0.8300000000000001,0.17,0.11,0.08,39.0,19.0,ap,challengers,10.746574432704367
ting2k5,FPT,"['fade', 'skye', 'cypher']",216,1.18,213.2,1.4,72.0,146.2,0.8200000000000001,0.14,0.13,0.11,31.0,8.0,ap,challengers,5.054489423900908
Kohaibi,SMG.GC,"['cypher', 'iso', 'reyna']",272,1.18,235.4,1.24,77.0,154.0,0.81,0.25,0.12,0.05,25.0,8.0,ap,gc,8.249043061797396
cgrs,MITH,"['sova', 'gekko', 'cypher']",366,1.17,213.4,1.21,78.0,143.5,0.75,0.32,0.06,0.03,24.0,17.0,ap,challengers,7.133948029474642
Techno,OGS,"['viper', 'omen', 'brimstone']",207,1.16,232.6,1.15,74.0,144.9,0.8,0.41000000000000003,0.16,0.07,31.0,19.0,ap,challengers,11.629660255360129
Shiro,BME,"['viper', 'clove', 'breach']",475,1.16,221.8,1.15,79.0,148.1,0.78,0.47000000000000003,0.12,0.08,25.0,22.0,ap,challengers,11.224437393823308
grumble,DSG,"['viper', 'cypher']",420,1.16,233.1,1.28,77.0,157.5,0.85,0.26,0.07,0.05,39.0,5.0,ap,challengers,10.638604912238334
primmie,TLN,"['clove', 'jett', 'iso']",203,1.16,249.9,1.15,71.0,165.0,0.9,0.23,0.13,0.1,41.0,20.0,ap,international,12.747029909943867
kitkatwc,NE,"['skye', 'viper', 'kayo']",324,1.15,239.1,1.19,75.0,148.9,0.8300000000000001,0.4,0.13,0.06,24.0,10.0,ap,gc,9.357131647598715
d0rf,FPT,"['gekko', 'killjoy', 'breach']",216,1.15,204.4,1.25,76.0,138.0,0.75,0.23,0.06,0.05,32.0,25.0,ap,challengers,7.595792698338013
Famouz,BME,"['raze', 'jett']",475,1.15,249.4,1.22,73.0,162.1,0.85,0.22,0.19,0.16,17.0,15.0,ap,challengers,6.4010616002840415
Cendary,NF,['clove'],201,1.1400000000000001,288.1,1.1,77.0,190.7,0.99,0.37,0.14,0.12,24.0,10.0,ap,gc,14.671636838216548
xavi8k,OAS,"['killjoy', 'cypher']",294,1.13,225.0,1.17,75.0,153.2,0.8,0.19,0.09,0.09,27.0,11.0,ap,challengers,4.745291719411258
kellyS,OAS,"['raze', 'kayo', 'breach']",294,1.13,238.5,1.08,77.0,162.9,0.79,0.38,0.13,0.11,18.0,16.0,ap,challengers,7.610921755089802
LoyDreaM,GLAB,"['jett', 'cypher', 'skye']",269,1.13,236.7,1.16,72.0,156.4,0.86,0.23,0.12,0.1,21.0,20.0,ap,challengers,6.6360756918052175
Ayumiii,RRQ.K,"['yoru', 'raze', 'sova']",272,1.13,242.6,1.17,74.0,157.1,0.8200000000000001,0.26,0.19,0.14,27.0,17.0,ap,gc,8.946591033335505
K1LLERS,FPT,"['raze', 'neon', 'skye']",216,1.13,224.5,1.17,80.0,147.5,0.78,0.36,0.13,0.09,26.0,12.0,ap,challengers,8.690348579025567
PTC,FS,"['breach', 'fade', 'viper']",601,1.13,204.8,1.17,74.0,132.7,0.75,0.39,0.08,0.08,30.0,23.0,ap,challengers,6.890279796503652
Juicy,DSG,"['yoru', 'iso', 'jett']",420,1.12,214.2,1.21,75.0,142.2,0.77,0.25,0.15,0.11,24.0,15.0,ap,challengers,5.198224395348408
Kon,SISU,"['sage', 'clove', 'sova']",358,1.12,222.0,1.13,73.0,152.4,0.76,0.33,0.12,0.08,33.0,8.0,ap,gc,6.794396683321106
Babytz,FSS,"['sova', 'skye', 'chamber']",272,1.11,211.0,1.16,68.0,147.4,0.78,0.28,0.11,0.12,24.0,18.0,ap,gc,2.727827724795095
ZYND,ZOL,"['killjoy', 'cypher', 'jett']",462,1.11,225.0,1.18,73.0,150.1,0.8300000000000001,0.18,0.16,0.1,29.0,12.0,ap,challengers,6.421957623640745
Potter,XIA,"['raze', 'jett']",454,1.1,252.0,1.12,69.0,166.0,0.88,0.15,0.22,0.19,28.0,22.0,ap,challengers,7.993330907055611
hellff,OGS,"['fade', 'sova', 'skye']",207,1.1,215.2,1.1,74.0,138.3,0.75,0.29,0.06,0.07,31.0,18.0,ap,challengers,5.010062924563815
wayne,DSG,"['omen', 'killjoy']",420,1.1,217.2,1.12,77.0,138.2,0.75,0.39,0.1,0.05,27.0,12.0,ap,challengers,7.018597710246006
JA,NAOS,"['jett', 'killjoy', 'cypher']",417,1.1,224.1,1.16,74.0,149.6,0.8200000000000001,0.21,0.11,0.1,26.0,8.0,ap,challengers,4.028280630406563
lenne,LZE,"['sova', 'fade']",207,1.09,223.6,1.05,71.0,145.2,0.73,0.37,0.09,0.06,21.0,19.0,ap,challengers,4.405965452053995
123,KBLD,"['jett', 'raze', 'neon']",210,1.09,240.6,1.09,67.0,161.6,0.8300000000000001,0.17,0.14,0.16,28.0,17.0,ap,challengers,34.48694658139813
d4v41,PRX,"['killjoy', 'sage', 'fade']",483,1.08,199.5,1.06,75.0,135.1,0.7000000000000001,0.37,0.06,0.07,28.0,19.0,ap,international,3.935342027315134
woody,ARF,"['gekko', 'sova', 'kayo']",257,1.08,209.6,1.03,74.0,138.9,0.74,0.43,0.05,0.05,32.0,8.0,ap,challengers,4.602435145191857
Suka,RLF,"['viper', 'breach', 'kayo']",345,1.08,216.8,1.04,73.0,151.2,0.78,0.39,0.07,0.08,27.0,12.0,ap,challengers,4.873270206902121
foxz,FS,"['sova', 'gekko', 'breach']",601,1.08,204.5,1.06,74.0,139.1,0.72,0.34,0.09,0.06,28.0,20.0,ap,challengers,5.283216413100598
PatMen,ZOL,"['viper', 'kayo', 'breach']",462,1.08,228.0,1.1,75.0,150.2,0.81,0.31,0.12,0.08,31.0,14.0,ap,challengers,8.291944628998744
Leviathan,FS,"['omen', 'viper', 'clove']",601,1.08,205.6,1.1,74.0,135.8,0.75,0.37,0.08,0.07,34.0,20.0,ap,challengers,6.972032262159875
grahams,SISU,"['reyna', 'raze', 'kayo']",358,1.07,221.0,1.11,73.0,145.8,0.75,0.25,0.14,0.14,33.0,16.0,ap,gc,5.21862204006752
coconut,OF,"['sova', 'cypher', 'gekko']",306,1.07,214.3,1.07,70.0,144.9,0.75,0.21,0.08,0.1,33.0,16.0,ap,challengers,2.744081196054165
Kush,GRD,"['fade', 'skye', 'gekko']",329,1.07,224.5,1.09,73.0,150.0,0.78,0.33,0.12,0.1,37.0,11.0,ap,challengers,7.542628901433924
Sampphire,MLT.GC,"['gekko', 'sova', 'breach']",310,1.07,192.4,1.05,74.0,134.6,0.7000000000000001,0.33,0.03,0.05,29.0,25.0,ap,gc,3.8250158602933793
f0rsakeN,PRX,"['kayo', 'breach', 'cypher']",483,1.07,215.6,1.06,74.0,139.9,0.76,0.42,0.08,0.1,31.0,13.0,ap,international,5.342463877748738
Tweeya,(+2),"['clove', 'viper', 'raze']",320,1.06,223.9,1.05,73.0,147.3,0.79,0.29,0.05,0.1,17.0,9.0,ap,gc,-0.053999016585609
pudj,ELV,"['fade', 'viper', 'gekko']",329,1.06,193.5,1.06,72.0,133.4,0.7000000000000001,0.27,0.08,0.09,25.0,22.0,ap,challengers,1.198694935277938
theDoctorr,RDA,"['omen', 'breach', 'brimstone']",418,1.06,209.2,0.99,71.0,134.9,0.72,0.41000000000000003,0.08,0.08,36.0,14.0,ap,challengers,4.506477953794492
nex1SphiX,MGLZ,"['omen', 'viper', 'brimstone']",281,1.05,199.9,1.08,72.0,132.7,0.73,0.30000000000000004,0.07,0.09,32.0,13.0,ap,challengers,2.010810491041969
Alluka,RRQ.K,"['sage', 'harbor', 'breach']",272,1.05,189.3,1.03,74.0,119.8,0.67,0.44,0.08,0.04,23.0,13.0,ap,gc,1.498442604288223
Kevzii,ZOL,"['sova', 'omen', 'gekko']",462,1.05,195.5,1.02,72.0,135.5,0.68,0.30000000000000004,0.09,0.07,29.0,16.0,ap,challengers,1.88358450567902
ValdyN,AE,"['reyna', 'omen', 'breach']",329,1.05,193.5,1.04,75.0,127.4,0.71,0.36,0.08,0.07,35.0,14.0,ap,challengers,4.10216407939126
Mojer,NAOS,"['raze', 'jett', 'neon']",417,1.04,243.8,1.07,74.0,156.4,0.8200000000000001,0.22,0.18,0.18,26.0,17.0,ap,challengers,6.002254957629606
Felce,NE,"['clove', 'fade', 'sova']",324,1.04,208.7,1.04,77.0,137.1,0.75,0.30000000000000004,0.06,0.03,33.0,19.0,ap,gc,6.943263336197864
Divine,SGP,"['omen', 'viper']",207,1.04,193.0,0.99,71.0,125.7,0.7000000000000001,0.37,0.06,0.08,37.0,20.0,ap,challengers,3.144000393558127
shina,4F,"['jett', 'killjoy', 'cypher']",320,1.04,192.7,1.01,66.0,133.3,0.7000000000000001,0.15,0.12,0.09,29.0,19.0,ap,gc,-1.153801476560721
STYRON,DSG,"['skye', 'sova', 'breach']",420,1.04,175.7,1.09,75.0,115.3,0.62,0.29,0.06,0.06,23.0,19.0,ap,challengers,-1.225871745184493
Madelyn,RRQ,"['sova', 'fade', 'gekko']",210,1.03,190.8,0.99,70.0,124.2,0.6900000000000001,0.27,0.08,0.08,25.0,24.0,ap,international,-0.19988364519485902
BerserX,BME,"['killjoy', 'cypher']",475,1.03,187.5,1.05,75.0,129.2,0.65,0.27,0.07,0.08,23.0,21.0,ap,challengers,0.18057212115090301
Sushiboys,FS,"['cypher', 'brimstone', 'killjoy']",601,1.03,201.5,1.03,73.0,131.7,0.7000000000000001,0.32,0.07,0.07,24.0,19.0,ap,challengers,1.6793919640393402
Flaring,ELV,"['omen', 'brimstone', 'viper']",329,1.03,196.9,0.98,77.0,126.8,0.68,0.44,0.06,0.07,25.0,13.0,ap,challengers,2.023323378624403
Kntz,MITH,"['astra', 'omen', 'brimstone']",366,1.03,174.4,1.05,77.0,113.6,0.68,0.34,0.06,0.05,30.0,17.0,ap,challengers,1.7440595875772842
Killua,MITH,"['breach', 'killjoy', 'skye']",366,1.02,227.6,1.1,70.0,151.6,0.8200000000000001,0.21,0.11,0.12,36.0,11.0,ap,challengers,4.90932229586447
JohnOlsen,FS,"['raze', 'neon', 'jett']",601,1.02,235.2,1.05,70.0,156.1,0.8200000000000001,0.21,0.21,0.18,28.0,5.0,ap,challengers,3.13509268254274
Riza,ELV,"['cypher', 'killjoy', 'sova']",329,1.02,198.5,1.06,68.0,130.7,0.73,0.2,0.09,0.08,29.0,14.0,ap,challengers,-0.48734183522613306
k1ngkappa,BSTR,"['killjoy', 'viper', 'cypher']",210,1.01,215.4,1.01,68.0,139.9,0.75,0.23,0.11,0.11,29.0,8.0,ap,challengers,-0.26264100376056804
budimeisteR,BTR,"['omen', 'viper']",224,1.01,193.6,0.9500000000000001,72.0,126.3,0.68,0.35000000000000003,0.08,0.1,28.0,16.0,ap,challengers,-0.13951955911604602
something,PRX,"['jett', 'gekko', 'reyna']",483,1.01,202.4,1.04,70.0,132.0,0.73,0.21,0.15,0.12,29.0,13.0,ap,international,0.5493657101297781
Poly,SISU,"['gekko', 'fade', 'omen']",358,1.01,182.3,1.02,77.0,121.3,0.66,0.38,0.06,0.07,30.0,13.0,ap,gc,1.369849600295578
DaFt,VIC,"['raze', 'neon', 'gekko']",345,1.01,220.9,1.02,72.0,150.6,0.76,0.23,0.15,0.13,26.0,7.0,ap,challengers,1.738931110652057
gotten,AE,"['brimstone', 'omen', 'killjoy']",309,1.01,190.2,1.0,74.0,129.2,0.68,0.35000000000000003,0.08,0.05,30.0,18.0,ap,challengers,3.1624884223358
sawamura,SISU,"['jett', 'neon', 'breach']",358,1.0,215.1,1.07,72.0,135.2,0.77,0.19,0.18,0.12,41.0,13.0,ap,gc,5.9055792098491615
frostmind,BTR,"['killjoy', 'cypher', 'brimstone']",224,1.0,182.6,0.97,74.0,127.4,0.67,0.22,0.04,0.04,33.0,11.0,ap,challengers,-0.716054475808639
Vera,DSG,"['raze', 'iso', 'jett']",420,1.0,230.6,1.06,71.0,149.4,0.79,0.23,0.18,0.17,20.0,14.0,ap,challengers,2.069381894423187
RedKoh,ELV,"['deadlock', 'kayo', 'breach']",329,1.0,185.5,0.9400000000000001,73.0,116.3,0.64,0.43,0.07,0.07,30.0,18.0,ap,challengers,0.923435681198532
Cud,AE,"['omen', 'viper', 'cypher']",329,1.0,190.3,1.04,69.0,123.3,0.68,0.23,0.1,0.07,31.0,16.0,ap,challengers,-0.148009978153946
Nakya,AE,"['raze', 'reyna', 'jett']",329,1.0,248.0,1.08,65.0,159.1,0.87,0.15,0.22,0.19,31.0,14.0,ap,challengers,4.889769114662614
Makchin,BAS.K,"['raze', 'jett']",304,0.99,235.6,0.98,64.0,150.6,0.78,0.17,0.17,0.22,23.0,26.0,ap,gc,-0.001532205098907
riyabtw,306.0,"['jett', 'raze', 'neon']",306,0.99,209.6,1.0,64.0,140.0,0.74,0.15,0.11,0.16,27.0,14.0,ap,challengers,5.566751786653599
Uta,OF,"['cypher', 'jett', 'omen']",306,0.99,187.8,0.97,67.0,128.7,0.67,0.26,0.14,0.12,26.0,10.0,ap,challengers,-3.397196060963586
izze,NF,"['gekko', 'killjoy', 'cypher']",324,0.99,198.2,1.0,70.0,135.7,0.67,0.22,0.09,0.05,20.0,22.0,ap,gc,-0.201058236706972
Emman,NAOS,"['skye', 'gekko', 'breach']",417,0.99,194.1,0.96,75.0,125.4,0.68,0.38,0.07,0.08,32.0,15.0,ap,challengers,2.190660236932226
Angela,NF,"['raze', 'jett']",324,0.99,234.6,1.04,68.0,154.0,0.78,0.23,0.19,0.23,17.0,32.0,ap,gc,2.6042471993612732
fausTao,ARF,"['raze', 'yoru', 'jett']",257,0.99,221.2,0.99,65.0,144.6,0.77,0.19,0.19,0.19,20.0,35.0,ap,challengers,1.7796517244729042
NcSlasher,BME,"['fade', 'kayo', 'deadlock']",475,0.98,193.7,0.99,77.0,120.6,0.68,0.42,0.08,0.09,24.0,13.0,ap,challengers,0.9629732834987321
Jinggg,PRX,"['sage', 'raze', 'neon']",483,0.98,222.1,1.01,71.0,143.6,0.75,0.29,0.15,0.15,20.0,17.0,ap,international,1.481778810533316
mindfreak,PRX,"['viper', 'omen', 'brimstone']",483,0.98,176.0,1.01,75.0,113.0,0.65,0.36,0.05,0.06,34.0,13.0,ap,international,0.359557193975352
Kylee,ARF,"['cypher', 'killjoy']",257,0.97,205.3,0.9500000000000001,67.0,135.1,0.71,0.19,0.11,0.11,45.0,8.0,ap,challengers,0.727627007455522
DubsteP,OAS,"['omen', 'sage', 'brimstone']",294,0.97,177.3,0.97,73.0,113.0,0.64,0.34,0.05,0.08,31.0,16.0,ap,challengers,-1.561903036256198
rosey,NE,"['omen', 'viper']",324,0.97,180.7,0.9500000000000001,75.0,116.9,0.64,0.4,0.09,0.08,22.0,16.0,ap,gc,-0.911819093063244
SecondLove,APH,"['killjoy', 'sova', 'cypher']",269,0.97,190.6,0.9500000000000001,70.0,132.6,0.67,0.23,0.06,0.09,25.0,12.0,ap,challengers,-3.708827042150346
Xan,LZE,"['neon', 'jett', 'raze']",207,0.97,218.6,0.9400000000000001,72.0,142.6,0.73,0.21,0.2,0.19,21.0,29.0,ap,challengers,2.286394471635013
Kenji,LZE,"['cypher', 'killjoy', 'brimstone']",207,0.97,177.0,0.96,68.0,123.4,0.65,0.25,0.06,0.08,34.0,6.0,ap,challengers,-4.304798459698827
Kadoom,SPE,"['jett', 'raze', 'reyna']",366,0.97,225.6,1.0,68.0,146.3,0.77,0.19,0.19,0.18,26.0,22.0,ap,challengers,2.291977230616672
subbey,RDA,"['skye', 'sova']",418,0.96,192.2,0.91,69.0,125.3,0.67,0.30000000000000004,0.07,0.06,30.0,13.0,ap,challengers,-1.44320398009326
viness,FPT,"['brimstone', 'omen', 'viper']",216,0.96,195.2,0.92,77.0,128.6,0.64,0.42,0.1,0.12,27.0,5.0,ap,challengers,-0.605529827335314
Pr0digy,RLF,"['brimstone', 'phoenix', 'jett']",345,0.96,196.4,0.9,69.0,129.3,0.6900000000000001,0.28,0.1,0.12,31.0,20.0,ap,challengers,-0.485218676360875
Newky,Baby,"['phoenix', 'reyna', 'skye']",230,0.96,209.2,0.99,67.0,137.4,0.76,0.22,0.11,0.16,31.0,25.0,ap,gc,0.962193081540435
Envious,MLT.GC,"['omen', 'killjoy', 'breach']",310,0.9500000000000001,210.5,0.92,68.0,139.2,0.71,0.33,0.11,0.16,24.0,19.0,ap,gc,-1.012389082017884
Yukxx,VLT,"['jett', 'gekko', 'omen']",225,0.9500000000000001,216.5,0.9,66.0,145.8,0.77,0.24,0.11,0.13,35.0,27.0,ap,challengers,3.420278697493827
JitBoyS,TLN,"['astra', 'omen', 'clove']",311,0.9500000000000001,197.0,0.93,74.0,129.5,0.6900000000000001,0.30000000000000004,0.09,0.07,37.0,10.0,ap,international,2.196958734659175
Ash,MEOW,"['cypher', 'clove', 'killjoy']",225,0.9500000000000001,207.5,0.87,67.0,142.1,0.7000000000000001,0.25,0.12,0.11,28.0,15.0,ap,challengers,-0.9154625366471321
SCar,ARF,"['omen', 'viper', 'brimstone']",257,0.9400000000000001,174.8,0.85,71.0,114.6,0.62,0.4,0.05,0.11,39.0,11.0,ap,challengers,-2.580583086807239
Nexi,NAOS,"['cypher', 'kayo', 'sova']",417,0.9400000000000001,181.6,0.91,74.0,120.2,0.64,0.27,0.05,0.08,28.0,15.0,ap,challengers,-2.780605611996989
Fixy,RDA,"['raze', 'jett', 'chamber']",418,0.9400000000000001,209.1,0.93,66.0,136.4,0.72,0.18,0.17,0.2,23.0,20.0,ap,challengers,-3.225361360607606
aLerT,XIA,"['cypher', 'killjoy', 'viper']",454,0.9400000000000001,193.3,0.93,70.0,130.2,0.67,0.19,0.1,0.1,30.0,16.0,ap,challengers,-1.822640464463425
Tempz,LZE,"['breach', 'kayo', 'gekko']",207,0.9400000000000001,175.9,0.89,71.0,118.4,0.64,0.43,0.07,0.1,28.0,14.0,ap,challengers,-2.405077714605971
ray4c,AE,['raze'],329,0.93,217.9,0.93,72.0,139.7,0.72,0.24,0.16,0.17,12.0,11.0,ap,challengers,-3.5822558499918697
Repulsive,269.0,"['omen', 'brimstone']",269,0.93,174.4,0.8,74.0,114.7,0.56,0.49,0.07,0.08,26.0,2.0,ap,challengers,3.226505177295565
DelBisky,BOBA,"['clove', 'reyna', 'iso']",272,0.92,192.8,0.9,73.0,125.8,0.66,0.34,0.1,0.07,29.0,14.0,ap,gc,0.5430832961016681
Kakarot,ZOL,"['jett', 'neon', 'raze']",462,0.92,203.8,0.91,70.0,135.7,0.6900000000000001,0.32,0.11,0.15,23.0,21.0,ap,challengers,-1.015668162257617
jEEE,ZOL,"['harbor', 'brimstone', 'omen']",359,0.92,178.0,0.89,71.0,120.4,0.63,0.36,0.04,0.09,28.0,22.0,ap,challengers,-2.193204457015034
Lilo,BTR,"['jett', 'raze', 'neon']",224,0.92,229.4,0.96,66.0,149.8,0.77,0.16,0.18,0.22,28.0,10.0,ap,challengers,-1.753568746611237
Siraww,XIA,"['skye', 'fade', 'gekko']",454,0.92,183.3,0.9,68.0,124.7,0.66,0.27,0.04,0.08,32.0,14.0,ap,challengers,-3.501001512011852
Aisling,THE.K,"['killjoy', 'sova', 'skye']",282,0.91,175.4,0.88,72.0,113.0,0.61,0.37,0.04,0.09,19.0,24.0,ap,gc,-4.4107657185636935
markL,RDA,"['viper', 'astra', 'cypher']",418,0.91,187.0,0.92,68.0,121.3,0.67,0.22,0.08,0.11,22.0,19.0,ap,challengers,-5.085121125383135
Answerz,(+1),"['killjoy', 'chamber', 'viper']",210,0.89,183.4,0.84,66.0,126.0,0.62,0.22,0.11,0.1,25.0,3.0,ap,challengers,-7.97969486388028
Governor,TLN,"['neon', 'kayo', 'clove']",311,0.89,194.9,0.88,67.0,125.9,0.67,0.27,0.15,0.16,23.0,8.0,ap,international,-5.8029548329303084
jans0n,RDA,"['cypher', 'gekko', 'breach']",418,0.88,169.9,0.8300000000000001,70.0,109.3,0.6000000000000001,0.36,0.07,0.09,27.0,4.0,ap,challengers,-7.296259464137889
QiQi,Ay,"['killjoy', 'viper']",204,0.88,183.9,0.91,70.0,126.3,0.65,0.23,0.04,0.11,23.0,30.0,ap,gc,-3.260911913115423
b3ta,XIA,"['omen', 'brimstone', 'viper']",454,0.88,182.4,0.8300000000000001,70.0,121.2,0.63,0.35000000000000003,0.08,0.09,30.0,19.0,ap,challengers,-1.8997919393661582
shirah0sh1,RG,"['killjoy', 'reyna', 'cypher']",304,0.87,189.7,0.84,62.0,125.7,0.68,0.19,0.08,0.13,31.0,18.0,ap,gc,-6.031998782552972
Jelerak,(+5),"['kayo', 'brimstone', 'sage']",230,0.87,175.7,0.81,70.0,108.2,0.59,0.38,0.1,0.13,17.0,20.0,ap,gc,-6.803372771792084
ban,TLN,"['cypher', 'breach', 'phoenix']",311,0.87,171.0,0.85,66.0,116.2,0.61,0.22,0.07,0.1,34.0,11.0,ap,international,-6.845775365618481
Nythan,ARF,"['breach', 'astra', 'gekko']",257,0.87,172.7,0.85,68.0,120.1,0.63,0.2,0.06,0.08,34.0,19.0,ap,challengers,-4.104237949599465
Chowdy,YG,"['sova', 'skye', 'breach']",225,0.87,168.5,0.77,68.0,116.8,0.6000000000000001,0.29,0.06,0.1,34.0,15.0,ap,challengers,-5.717069519557494
Flynch,LCR,"['jett', 'raze', 'skye']",210,0.86,193.7,0.8200000000000001,63.0,129.9,0.64,0.19,0.16,0.11,27.0,15.0,ap,challengers,-4.715808851527318
N1ER,(+3),"['reyna', 'raze', 'neon']",225,0.86,195.1,0.84,65.0,131.2,0.6900000000000001,0.15,0.14,0.1,27.0,14.0,ap,challengers,-4.109464237827528
natz,AE,"['omen', 'viper', 'brimstone']",210,0.86,191.1,0.87,63.0,121.5,0.68,0.28,0.08,0.14,27.0,15.0,ap,challengers,-6.330999379850806
Mimo,230.0,"['killjoy', 'cypher']",230,0.86,170.1,0.8300000000000001,66.0,117.7,0.59,0.14,0.04,0.05,22.0,9.0,ap,gc,-3.666648452522201
severiNe,BTR,"['kayo', 'fade', 'breach']",224,0.86,156.2,0.72,68.0,108.0,0.52,0.4,0.06,0.13,21.0,25.0,ap,challengers,-8.854469785201292
no1syboy,ARF,"['kayo', 'killjoy', 'breach']",210,0.85,173.1,0.81,65.0,114.5,0.61,0.30000000000000004,0.06,0.08,22.0,15.0,ap,challengers,-8.088620870141407
Witz,OAS,"['fade', 'skye', 'kayo']",294,0.85,175.1,0.8200000000000001,72.0,116.6,0.6000000000000001,0.37,0.05,0.12,22.0,19.0,ap,challengers,-5.627965671271605
BE,KBLD,"['sova', 'omen', 'skye']",210,0.84,157.2,0.85,68.0,103.5,0.6000000000000001,0.22,0.08,0.09,40.0,32.0,ap,challengers,-2.166635753171116
Arki,AVN.GC,"['breach', 'cypher', 'omen']",304,0.84,170.8,0.76,64.0,114.3,0.6000000000000001,0.34,0.05,0.1,19.0,10.0,ap,gc,-10.947892011357888
Kathrina,(+1),"['gekko', 'skye', 'sova']",304,0.84,178.7,0.75,67.0,114.1,0.59,0.33,0.04,0.11,15.0,15.0,ap,gc,-10.577281078976325
Marpandyz,(+2),"['sova', 'skye', 'fade']",230,0.84,171.8,0.8300000000000001,65.0,110.3,0.6000000000000001,0.27,0.08,0.07,17.0,10.0,ap,gc,-10.044141614420663
TRIPCIEW,RLF,"['cypher', 'omen', 'viper']",345,0.8300000000000001,169.6,0.78,68.0,112.6,0.58,0.30000000000000004,0.07,0.13,29.0,20.0,ap,challengers,-6.822855705131417
SyKo,PUG,"['sova', 'gekko', 'raze']",269,0.8300000000000001,172.9,0.78,69.0,115.4,0.59,0.35000000000000003,0.05,0.11,33.0,17.0,ap,challengers,-5.00486256025227
Ivory,RH,"['sova', 'iso', 'jett']",320,0.8200000000000001,199.3,0.8300000000000001,67.0,132.7,0.68,0.2,0.19,0.22,23.0,14.0,ap,gc,-5.867335587813811
kikowo,(+3),"['neon', 'jett', 'gekko']",310,0.8200000000000001,181.3,0.8,63.0,123.3,0.63,0.26,0.09,0.14,25.0,11.0,ap,gc,-9.024099047735127
bnwgiggs,XIA,"['viper', 'breach', 'kayo']",454,0.81,170.0,0.76,70.0,110.8,0.58,0.41000000000000003,0.05,0.06,22.0,16.0,ap,challengers,-5.900805426541825
69Shinobu,GB,"['reyna', 'brimstone', 'clove']",234,0.79,160.0,0.64,66.0,106.4,0.53,0.41000000000000003,0.04,0.03,20.0,10.0,ap,gc,-10.380472330549237
Crws,TLN,"['sova', 'breach', 'fade']",311,0.78,164.9,0.77,66.0,112.5,0.55,0.27,0.05,0.09,20.0,11.0,ap,international,-11.515314712941821
CHIMEI,OF,"['kayo', 'skye', 'fade']",306,0.78,150.3,0.67,68.0,98.9,0.49,0.4,0.04,0.08,19.0,3.0,ap,challengers,-14.149772496012666
Orgil,(+2),"['kayo', 'skye', 'gekko']",210,0.77,176.2,0.73,64.0,116.7,0.5700000000000001,0.31,0.09,0.09,29.0,12.0,ap,challengers,-7.587210329131147
syd89,(+1),"['omen', 'brimstone', 'kayo']",304,0.77,144.9,0.66,65.0,98.5,0.5,0.38,0.04,0.06,30.0,15.0,ap,gc,-10.246202416669986
albus,RLF,"['cypher', 'fade', 'killjoy']",266,0.75,160.3,0.73,65.0,110.1,0.56,0.22,0.06,0.09,28.0,11.0,ap,challengers,-10.972169422401302
xeus,HOWL,"['raze', 'jett']",381,1.28,276.7,1.3599999999999999,71.0,178.4,0.98,0.18,0.21,0.15,30.0,20.0,emea,challengers,15.145311069896309
kaajak,APK,"['jett', 'gekko', 'yoru']",599,1.27,275.4,1.43,72.0,177.2,1.0,0.17,0.25,0.16,39.0,9.0,emea,challengers,16.700269883015707
Jade,535.0,"['breach', 'kayo', 'yoru']",535,1.25,236.2,1.21,78.0,151.1,0.8300000000000001,0.5,0.09,0.04,32.0,15.0,emea,gc,30.279416169044104
Izzy,SUP,"['raze', 'iso', 'neon']",259,1.25,273.1,1.38,72.0,169.1,0.97,0.16,0.21,0.12,31.0,13.0,emea,challengers,14.171306547796267
Vitie,Uzhi,"['omen', 'brimstone']",201,1.24,243.2,1.2,80.0,156.0,0.8200000000000001,0.48,0.07,0.05,33.0,33.0,emea,challengers,17.509508254901636
Lime,FKS,"['yoru', 'sage', 'neon']",315,1.23,240.6,1.34,71.0,155.0,0.85,0.24,0.13,0.13,33.0,18.0,emea,challengers,9.56580054186974
trexx,VIT,"['sova', 'fade']",611,1.22,226.2,1.19,76.0,154.5,0.77,0.4,0.08,0.07,20.0,15.0,emea,international,7.148391375364062
fluxxy,HERO,"['omen', 'viper', 'astra']",251,1.22,216.8,1.28,78.0,142.2,0.8,0.33,0.06,0.05,30.0,22.0,emea,gc,10.20215687500156
pyrolll,ACE,"['viper', 'omen', 'astra']",375,1.21,217.5,1.28,72.0,141.4,0.77,0.27,0.09,0.09,32.0,16.0,emea,challengers,6.234414977815971
xuss,MOUZ,"['jett', 'raze', 'iso']",634,1.21,253.8,1.33,74.0,161.9,0.91,0.13,0.21,0.12,26.0,16.0,emea,challengers,11.238627401111433
Chronicle,FNC,"['sova', 'viper', 'skye']",604,1.21,219.7,1.28,77.0,150.7,0.76,0.33,0.1,0.06,27.0,14.0,emea,international,8.749668917837784
Ruxic,FF,"['viper', 'omen']",235,1.21,239.7,1.29,77.0,159.0,0.84,0.36,0.14,0.11,27.0,13.0,emea,challengers,11.148054714805935
PROFEK,GN,"['omen', 'viper', 'astra']",496,1.21,222.8,1.31,77.0,150.7,0.81,0.34,0.09,0.07,29.0,15.0,emea,challengers,9.974286135540883
Lar0k,PCF,"['breach', 'iso', 'gekko']",827,1.2,208.9,1.19,74.0,136.1,0.74,0.4,0.08,0.07,31.0,23.0,emea,challengers,8.000970589140735
Akita,ZER.M,"['jett', 'raze']",348,1.19,283.4,1.25,73.0,180.8,0.98,0.18,0.26,0.19,28.0,35.0,emea,gc,17.80002209760746
harambe,LGC,"['raze', 'jett', 'omen']",358,1.18,247.9,1.25,70.0,160.0,0.88,0.19,0.18,0.12,23.0,12.0,emea,challengers,7.22674969759388
Sayonara,KPI,"['skye', 'kayo', 'sova']",323,1.18,250.8,1.28,74.0,164.7,0.9,0.29,0.14,0.1,34.0,16.0,emea,challengers,13.392481188044055
wackie,DSY,"['gekko', 'killjoy', 'viper']",351,1.18,222.7,1.24,76.0,145.2,0.78,0.35000000000000003,0.1,0.08,32.0,20.0,emea,challengers,10.039479707892895
Filu,DSY,"['raze', 'jett', 'gekko']",351,1.18,249.9,1.24,74.0,160.9,0.9,0.18,0.21,0.15,31.0,22.0,emea,challengers,12.148539298083213
Derke,FNC,"['yoru', 'raze', 'iso']",604,1.18,246.8,1.28,72.0,161.0,0.88,0.2,0.17,0.15,24.0,29.0,emea,international,10.43996550479683
Thuy,ZER.M,"['omen', 'viper']",348,1.17,218.5,1.22,79.0,137.2,0.78,0.45,0.07,0.07,22.0,28.0,emea,gc,10.012975090057799
aNguiSt,CGN,"['viper', 'killjoy', 'cypher']",775,1.15,216.8,1.24,72.0,146.9,0.81,0.15,0.11,0.08,34.0,16.0,emea,challengers,6.506555860627734
chiwa,ACE,"['killjoy', 'cypher']",375,1.15,218.2,1.26,71.0,148.3,0.8,0.17,0.06,0.06,28.0,6.0,emea,challengers,2.759018009654186
LewN,GS,"['jett', 'iso']",221,1.15,244.4,1.13,65.0,159.9,0.85,0.24,0.17,0.19,32.0,27.0,emea,challengers,7.414851565321107
Alfajer,FNC,"['iso', 'killjoy', 'breach']",604,1.1400000000000001,219.2,1.22,74.0,147.5,0.79,0.22,0.09,0.07,31.0,15.0,emea,international,6.6444409134120495
waddle,DSY,"['skye', 'sova', 'kayo']",351,1.1400000000000001,197.0,1.16,77.0,131.1,0.7000000000000001,0.32,0.05,0.05,31.0,19.0,emea,challengers,5.26077244339037
Leosen,SGE,"['raze', 'jett', 'neon']",206,1.1400000000000001,234.7,1.21,72.0,159.9,0.88,0.17,0.17,0.17,25.0,,emea,challengers,5.855384256821171
Sayf,VIT,"['jett', 'neon', 'raze']",611,1.1400000000000001,235.5,1.2,68.0,153.8,0.8300000000000001,0.19,0.13,0.16,24.0,16.0,emea,international,3.105094818630385
ritsu,Gala,"['chamber', 'killjoy', 'kayo']",240,1.1400000000000001,223.3,1.15,69.0,153.7,0.81,0.15,0.17,0.1,32.0,8.0,emea,gc,4.754432673448473
f4ngeer,tras,"['raze', 'killjoy', 'jett']",385,1.13,234.4,1.18,71.0,159.9,0.84,0.2,0.15,0.16,30.0,9.0,emea,challengers,5.03730860586238
lauress,FF,"['cypher', 'killjoy', 'clove']",209,1.13,223.6,1.2,73.0,146.4,0.8200000000000001,0.17,0.12,0.09,31.0,16.0,emea,challengers,6.436268030341962
luckyMrJ,tras,"['cypher', 'viper', 'sage']",385,1.13,206.0,1.12,74.0,131.7,0.74,0.29,0.11,0.08,28.0,16.0,emea,challengers,4.101574683360757
kamyk,JL,"['kayo', 'reyna', 'breach']",449,1.13,212.2,1.16,73.0,140.9,0.78,0.34,0.09,0.08,33.0,21.0,emea,challengers,7.754626877986733
Lyda,HERO,"['viper', 'clove', 'sova']",251,1.13,224.8,1.19,78.0,148.8,0.8,0.28,0.14,0.09,33.0,19.0,emea,gc,10.724698125824425
B1SK,ZYG,"['raze', 'jett', 'neon']",323,1.12,230.5,1.25,71.0,152.5,0.84,0.14,0.2,0.14,22.0,21.0,emea,challengers,6.406478280479382
ikyoo,FKS.S,"['chamber', 'yoru', 'breach']",262,1.12,218.8,1.12,73.0,144.9,0.79,0.29,0.1,0.08,26.0,10.0,emea,gc,4.170565807069143
RieNs,TH,"['gekko', 'breach', 'sova']",950,1.12,208.5,1.13,75.0,139.9,0.74,0.32,0.08,0.08,36.0,16.0,emea,international,6.585856976201219
sarah,GX.GC,"['breach', 'kayo', 'viper']",236,1.12,214.5,1.13,78.0,132.2,0.75,0.5,0.07,0.05,29.0,15.0,emea,gc,8.466365562514003
AvovA,APK,"['omen', 'viper']",599,1.11,184.4,1.15,75.0,118.6,0.68,0.39,0.08,0.07,39.0,25.0,emea,challengers,6.856057794906011
N4RRATE,KC,"['gekko', 'fade', 'neon']",208,1.11,237.3,1.09,76.0,154.6,0.81,0.31,0.14,0.09,21.0,27.0,emea,international,9.641814855909892
ComeBack,PCF,"['jett', 'raze', 'yoru']",827,1.11,252.6,1.21,71.0,163.8,0.89,0.16,0.19,0.16,28.0,15.0,emea,challengers,8.211758384748768
DaviH,CGN,"['sage', 'sova', 'deadlock']",775,1.11,193.7,1.11,72.0,135.6,0.67,0.29,0.06,0.05,22.0,16.0,emea,challengers,0.500994775303943
LizA,VLNT,"['jett', 'raze', 'neon']",522,1.11,250.7,1.2,72.0,160.4,0.89,0.15,0.22,0.19,33.0,23.0,emea,gc,10.470809502035141
yetujey,FUT,"['cypher', 'killjoy', 'viper']",255,1.11,219.0,1.19,71.0,136.6,0.77,0.25,0.12,0.05,26.0,11.0,emea,international,4.35652127376809
NINJA,CHCH,"['viper', 'omen']",300,1.11,207.8,1.19,74.0,130.6,0.79,0.26,0.1,0.08,32.0,6.0,emea,challengers,3.69521950959387
Karina,FKS.S,"['viper', 'cypher', 'killjoy']",262,1.11,234.4,1.17,69.0,158.1,0.87,0.17,0.14,0.07,34.0,4.0,emea,gc,6.557959423740439
Loita,PCF,"['omen', 'viper']",827,1.1,218.6,1.11,74.0,142.7,0.76,0.4,0.11,0.11,41.0,14.0,emea,challengers,8.740100472287272
sociablEE,FF,"['fade', 'breach', 'deadlock']",235,1.1,219.2,1.11,77.0,144.4,0.77,0.35000000000000003,0.09,0.08,28.0,16.0,emea,challengers,7.057317140704945
soulcas,APK,"['sova', 'kayo', 'astra']",599,1.1,202.1,1.17,72.0,133.1,0.72,0.33,0.06,0.07,36.0,19.0,emea,challengers,5.442119612811366
westside,DIA,"['killjoy', 'viper', 'cypher']",621,1.1,207.5,1.1400000000000001,71.0,141.1,0.75,0.18,0.09,0.07,38.0,20.0,emea,challengers,5.6080069081700294
MAGiK,JL,"['omen', 'killjoy', 'brimstone']",449,1.1,224.0,1.18,73.0,150.9,0.8,0.32,0.07,0.07,27.0,8.0,emea,challengers,5.200194490210931
VenTT,HOWL,"['omen', 'harbor', 'brimstone']",381,1.1,205.0,1.1,79.0,133.4,0.76,0.48,0.09,0.08,29.0,22.0,emea,challengers,8.982773167228425
szoren,GENK,"['kayo', 'skye', 'fade']",427,1.09,214.8,1.08,72.0,140.1,0.76,0.34,0.07,0.08,29.0,10.0,emea,challengers,3.186985002846863
Joliinaa,GX.GC,"['omen', 'astra']",236,1.09,198.0,1.06,79.0,127.5,0.7000000000000001,0.5,0.08,0.05,24.0,14.0,emea,gc,5.422812994377841
brk,SAW,"['jett', 'yoru', 'raze']",382,1.09,233.2,1.12,66.0,153.1,0.8,0.19,0.21,0.18,21.0,16.0,emea,challengers,2.16947529009956
Creamydreamy,SNS,"['fade', 'skye', 'kayo']",617,1.09,195.7,1.01,75.0,126.7,0.71,0.53,0.05,0.06,33.0,14.0,emea,challengers,5.157023307943808
Minny,GN,"['cypher', 'killjoy', 'gekko']",496,1.08,202.8,1.15,72.0,137.1,0.73,0.21,0.06,0.08,32.0,16.0,emea,challengers,2.452440055176547
YaBoiLewis,FKS,"['raze', 'skye', 'kayo']",245,1.08,206.3,1.02,74.0,138.2,0.71,0.37,0.13,0.13,41.0,11.0,emea,challengers,5.500588912468464
Pinkalie,ZER.M,"['breach', 'omen', 'gekko']",348,1.08,188.2,1.04,80.0,119.8,0.68,0.53,0.07,0.05,30.0,11.0,emea,gc,5.209816404259794
skylen,SUP,"['breach', 'kayo', 'deadlock']",259,1.08,203.2,1.1400000000000001,75.0,135.1,0.74,0.29,0.08,0.05,37.0,24.0,emea,challengers,8.261493620142481
devilasxa,O1O,"['gekko', 'cypher', 'raze']",421,1.07,204.3,1.04,72.0,138.5,0.71,0.37,0.08,0.07,34.0,13.0,emea,gc,4.248622785719216
MOLSI,APK,"['breach', 'sage', 'sova']",599,1.07,198.4,1.06,76.0,132.7,0.67,0.47000000000000003,0.07,0.05,26.0,17.0,emea,challengers,4.9251184179389735
Jiex,KPI.S,"['sage', 'breach', 'gekko']",522,1.07,206.5,1.06,75.0,135.6,0.73,0.4,0.1,0.07,34.0,11.0,emea,gc,5.958406153826796
sterben,SUP,"['omen', 'viper', 'astra']",259,1.07,201.8,1.1,72.0,134.6,0.73,0.34,0.1,0.1,33.0,4.0,emea,challengers,1.954123540901629
starkk,NOVO,"['viper', 'omen', 'astra']",416,1.06,188.5,1.04,72.0,122.4,0.68,0.32,0.08,0.06,28.0,11.0,emea,challengers,-0.09327468406455901
hiro,FNC,"['cypher', 'fade', 'gekko']",604,1.06,194.0,1.12,72.0,126.0,0.7000000000000001,0.30000000000000004,0.08,0.09,31.0,23.0,emea,international,3.076436280439221
xiTsha,DIA,"['omen', 'gekko', 'kayo']",621,1.06,201.3,1.07,73.0,134.0,0.73,0.30000000000000004,0.07,0.09,33.0,20.0,emea,challengers,3.9013853664765152
Jesse,BAR,"['omen', 'viper', 'brimstone']",780,1.06,204.2,1.06,69.0,134.5,0.74,0.30000000000000004,0.09,0.09,36.0,15.0,emea,challengers,3.216064300284301
Addicted,SAW,"['sova', 'gekko', 'deadlock']",382,1.06,184.6,1.04,70.0,128.2,0.66,0.29,0.07,0.05,32.0,16.0,emea,challengers,0.780796775043028
ja2,Huge,"['raze', 'neon', 'jett']",298,1.06,224.5,1.09,67.0,144.9,0.81,0.24,0.16,0.18,25.0,20.0,emea,gc,2.336546683289097
Vince,CGN,"['brimstone', 'astra', 'omen']",775,1.05,195.4,1.06,72.0,125.9,0.7000000000000001,0.37,0.06,0.06,23.0,18.0,emea,challengers,1.185781530781102
ianto,RUD,"['gekko', 'viper', 'kayo']",358,1.05,193.6,1.03,74.0,125.9,0.66,0.31,0.07,0.09,25.0,21.0,emea,challengers,0.568798915140028
Padisah,GS,"['viper', 'killjoy', 'cypher']",221,1.05,219.9,1.07,74.0,145.6,0.77,0.22,0.07,0.05,38.0,3.0,emea,challengers,4.507423051009227
Xaline,Huge,"['cypher', 'deadlock', 'killjoy']",298,1.05,209.6,1.05,70.0,143.0,0.73,0.25,0.09,0.11,22.0,9.0,emea,gc,-1.302203411466718
Pa1ze,DIA,"['raze', 'neon', 'jett']",621,1.05,240.4,1.11,69.0,152.4,0.8300000000000001,0.16,0.22,0.19,28.0,13.0,emea,challengers,4.225116279280055
DREAM,VLNT,"['killjoy', 'viper', 'cypher']",522,1.05,202.4,1.12,71.0,135.1,0.71,0.19,0.08,0.06,22.0,19.0,emea,gc,0.658963387211119
al0rante,FKS,"['astra', 'viper', 'cypher']",245,1.05,202.3,1.09,68.0,135.9,0.73,0.17,0.09,0.09,42.0,10.0,emea,challengers,1.805871256408052
elllement,CGN,"['raze', 'jett', 'yoru']",775,1.05,230.6,1.1400000000000001,69.0,152.8,0.8,0.17,0.2,0.15,26.0,21.0,emea,challengers,5.463076217324173
nataNk,M8,"['sage', 'raze', 'gekko']",212,1.05,222.2,1.03,72.0,146.4,0.75,0.28,0.13,0.11,26.0,33.0,emea,international,6.9590275952076155
Smurfette,GX.GC,"['neon', 'jett', 'yoru']",236,1.04,229.1,1.12,69.0,151.4,0.84,0.15,0.19,0.19,28.0,27.0,emea,gc,5.522336650559674
Turko,FF,"['brimstone', 'cypher', 'omen']",235,1.04,195.2,1.04,70.0,126.1,0.7000000000000001,0.27,0.08,0.06,34.0,21.0,emea,challengers,2.707435834623271
RobbieBk,JL,"['sova', 'skye', 'fade']",449,1.04,191.5,1.03,72.0,130.8,0.6900000000000001,0.27,0.06,0.08,34.0,20.0,emea,challengers,1.97442954708756
Fizzy,MOUZ,"['killjoy', 'cypher', 'viper']",634,1.04,211.4,1.12,70.0,138.9,0.77,0.18,0.1,0.09,32.0,11.0,emea,challengers,2.097970117183624
Miyori,GX.GC,"['cypher', 'killjoy', 'chamber']",236,1.04,220.5,1.08,68.0,141.5,0.78,0.21,0.14,0.12,30.0,22.0,emea,gc,4.067397128587372
mikee,JL,"['killjoy', 'viper', 'cypher']",449,1.04,194.0,1.06,74.0,129.3,0.68,0.26,0.06,0.08,26.0,22.0,emea,challengers,1.1239539902063451
Saiz,BAR,"['viper', 'killjoy', 'cypher']",499,1.04,201.0,1.05,68.0,133.3,0.73,0.16,0.1,0.08,38.0,14.0,emea,challengers,1.50253341328387
Anima,HOWL,"['fade', 'kayo', 'breach']",381,1.03,191.2,0.98,75.0,128.3,0.64,0.48,0.06,0.06,23.0,4.0,emea,challengers,-0.5297633937332851
Annie,O1O,"['jett', 'neon', 'raze']",235,1.03,214.4,1.04,70.0,141.9,0.78,0.12,0.19,0.18,35.0,23.0,emea,gc,3.791240764031842
Ticey,SNS,"['raze', 'yoru', 'jett']",617,1.03,232.2,1.07,68.0,150.1,0.81,0.17,0.2,0.19,20.0,18.0,emea,challengers,1.559175990813784
AtaKaptan,FUT,"['omen', 'viper', 'brimstone']",255,1.03,206.0,1.04,71.0,130.7,0.72,0.34,0.09,0.12,28.0,,emea,international,0.9826717905014041
Famsii,GX,"['neon', 'omen', 'raze']",287,1.03,224.8,1.07,73.0,151.4,0.8200000000000001,0.26,0.14,0.14,28.0,,emea,international,5.124365904533558
starki,MOUZ,"['omen', 'brimstone', 'astra']",634,1.02,198.8,1.02,72.0,129.2,0.6900000000000001,0.38,0.1,0.1,30.0,15.0,emea,challengers,2.158491502445251
susbake,O1O,"['sage', 'deadlock', 'sova']",311,1.02,215.7,1.0,72.0,143.9,0.75,0.23,0.11,0.09,32.0,28.0,emea,gc,6.081863716160414
Shazeon,SGE,"['viper', 'cypher', 'fade']",206,1.02,203.8,1.02,71.0,131.7,0.73,0.24,0.11,0.11,28.0,11.0,emea,challengers,-0.23056104962541502
Sliicyy,char,"['yoru', 'breach', 'kayo']",298,1.02,201.8,0.96,71.0,127.5,0.7000000000000001,0.46,0.09,0.1,26.0,22.0,emea,gc,2.694532911582625
Tag,DSY,"['viper', 'sage', 'cypher']",351,1.02,192.4,1.04,70.0,135.9,0.7000000000000001,0.27,0.08,0.1,37.0,16.0,emea,challengers,1.879228695818998
Kicks,VIT,"['kayo', 'breach', 'gekko']",611,1.02,185.6,0.9400000000000001,73.0,119.6,0.65,0.47000000000000003,0.07,0.07,22.0,21.0,emea,international,0.566471595826974
TajReX,LDS,"['viper', 'raze', 'killjoy']",385,1.02,218.9,1.01,70.0,147.3,0.74,0.23,0.13,0.11,24.0,8.0,emea,challengers,0.289740013393648
ardiis,NAVI,"['breach', 'jett', 'yoru']",209,1.01,197.1,0.98,71.0,127.8,0.71,0.33,0.14,0.09,21.0,24.0,emea,international,1.95138086753075
Crewen,HOWL,"['cypher', 'killjoy', 'viper']",381,1.01,192.5,1.0,72.0,133.0,0.6900000000000001,0.26,0.09,0.06,28.0,6.0,emea,challengers,-0.765880389520858
zeek,GN,"['sova', 'kayo', 'breach']",496,1.01,190.9,1.02,73.0,130.2,0.67,0.34,0.07,0.06,24.0,13.0,emea,challengers,0.06059463082613901
ALIVE,ACE,"['jett', 'raze']",375,1.01,208.5,1.0,71.0,143.4,0.7000000000000001,0.23,0.14,0.12,24.0,9.0,emea,challengers,-0.610129567446798
benjyfishy,TH,"['viper', 'cypher', 'killjoy']",950,1.01,188.1,1.07,70.0,127.4,0.71,0.17,0.08,0.09,37.0,17.0,emea,international,0.621740523316968
d3ffo,VLNT,"['jett', 'yoru', 'raze']",503,1.01,220.1,1.03,69.0,148.0,0.78,0.16,0.17,0.15,25.0,18.0,emea,challengers,1.820965725874233
K4DAVRA,M8,"['omen', 'cypher', 'viper']",212,1.0,201.4,1.01,68.0,129.0,0.72,0.29,0.09,0.08,28.0,11.0,emea,international,-0.6264551384222431
Wo0t,TH,"['fade', 'iso', 'kayo']",950,1.0,193.1,0.97,75.0,126.8,0.67,0.37,0.09,0.09,36.0,18.0,emea,international,3.7518007122726793
globeX,CHCH,"['yoru', 'raze', 'jett']",300,1.0,217.9,1.0,71.0,144.4,0.73,0.24,0.19,0.16,17.0,10.0,emea,challengers,-0.847885022593405
adora,HERO,"['raze', 'sage', 'jett']",251,1.0,215.9,1.01,67.0,148.6,0.75,0.22,0.18,0.17,30.0,7.0,emea,gc,0.08528076758599501
Deqadz,RUD,"['omen', 'viper', 'harbor']",358,1.0,200.0,1.0,73.0,125.2,0.6900000000000001,0.42,0.1,0.1,18.0,9.0,emea,challengers,-1.232909535670304
T0BA,391.0,"['cypher', 'killjoy', 'brimstone']",391,1.0,197.2,1.01,69.0,136.2,0.6900000000000001,0.27,0.08,0.09,24.0,13.0,emea,challengers,10.172979634037613
Kiles,KPI,"['viper', 'breach', 'fade']",323,0.99,164.3,0.97,77.0,111.2,0.6000000000000001,0.36,0.03,0.04,28.0,15.0,emea,challengers,-1.588733469627062
Masic,GAL,"['jett', 'raze', 'chamber']",629,0.99,192.5,0.96,67.0,129.9,0.67,0.25,0.11,0.09,28.0,12.0,emea,challengers,-2.390016700134739
ness,GX.GC,"['sova', 'gekko']",236,0.99,183.7,0.93,73.0,129.3,0.61,0.33,0.07,0.06,25.0,18.0,emea,gc,-0.7865856233595361
GrTw,SAW,"['killjoy', 'cypher']",382,0.99,206.5,0.99,72.0,136.2,0.7000000000000001,0.23,0.12,0.08,25.0,10.0,emea,challengers,0.037852631070725
Cunha20,SAW,"['omen', 'viper', 'brimstone']",382,0.99,178.4,0.97,73.0,119.8,0.66,0.37,0.05,0.05,37.0,15.0,emea,challengers,1.649081913029877
SEIDER,FKS,"['fade', 'gekko', 'astra']",245,0.99,178.8,1.02,71.0,116.5,0.64,0.26,0.09,0.07,38.0,6.0,emea,challengers,-1.404703892048691
ip0TT,GAL,"['iso', 'breach', 'kayo']",629,0.98,226.3,1.02,71.0,149.1,0.79,0.18,0.17,0.16,30.0,11.0,emea,challengers,2.6103455372982163
cNed,FUT,"['raze', 'jett']",255,0.98,218.9,1.01,67.0,150.2,0.75,0.14,0.18,0.17,25.0,5.0,emea,international,-2.177013923013061
SUYGETSU,NAVI,"['killjoy', 'cypher', 'viper']",209,0.98,180.2,0.97,69.0,120.9,0.67,0.2,0.08,0.05,30.0,10.0,emea,international,-3.126604644611443
BySmall,HOWL.M,"['sova', 'gekko', 'sage']",240,0.98,182.4,0.91,70.0,123.7,0.65,0.26,0.03,0.03,31.0,14.0,emea,gc,-2.24069687075344
ZachKappa,CHCH,"['killjoy', 'raze', 'viper']",300,0.98,183.9,1.01,67.0,128.9,0.67,0.14,0.07,0.07,36.0,4.0,emea,challengers,-4.012417556106254
Tempo,SNS,"['cypher', 'viper', 'killjoy']",478,0.98,198.3,1.02,67.0,133.3,0.72,0.13,0.1,0.11,30.0,14.0,emea,challengers,-2.326291018966627
H1ber,NOVO,"['kayo', 'breach', 'sova']",416,0.98,198.0,0.93,72.0,128.0,0.67,0.39,0.1,0.09,26.0,27.0,emea,challengers,2.807783199186475
xanarchy,SGE,"['gekko', 'sova', 'skye']",206,0.98,171.2,0.91,73.0,113.3,0.62,0.34,0.07,0.04,27.0,12.0,emea,challengers,-2.5105645596407102
marteen,KC,"['yoru', 'omen', 'gekko']",208,0.98,198.2,0.97,74.0,134.3,0.73,0.19,0.13,0.1,34.0,23.0,emea,international,3.9114098874447283
Celasun,PCF,"['killjoy', 'cypher', 'brimstone']",827,0.97,177.9,0.99,71.0,122.7,0.65,0.19,0.05,0.06,29.0,10.0,emea,challengers,-4.030093135379727
MrFaliN,FUT,"['breach', 'omen', 'sova']",255,0.97,178.8,0.9400000000000001,71.0,116.4,0.61,0.44,0.07,0.09,23.0,14.0,emea,international,-3.101553827554575
Boo,TH,"['brimstone', 'omen', 'viper']",950,0.97,174.6,0.9400000000000001,74.0,111.7,0.62,0.4,0.08,0.07,30.0,15.0,emea,international,-0.5533511668008371
Ninou,VLNT,"['sova', 'fade', 'breach']",522,0.97,175.1,0.92,75.0,119.2,0.59,0.39,0.05,0.08,17.0,16.0,emea,gc,-4.156752592086387
Docent,KAST,"['omen', 'viper', 'reyna']",221,0.97,191.1,0.9400000000000001,67.0,128.8,0.68,0.31,0.07,0.09,27.0,22.0,emea,challengers,-1.208446387278535
Snowi,OF,"['breach', 'skye', 'gekko']",218,0.97,176.3,0.84,72.0,120.1,0.61,0.49,0.03,0.06,23.0,14.0,emea,challengers,-2.976242149542471
NeskaaS,VLNT,"['killjoy', 'cypher', 'brimstone']",503,0.97,188.8,0.96,69.0,125.1,0.6900000000000001,0.2,0.11,0.1,27.0,24.0,emea,challengers,-1.007903533049132
jademwah,O1O,"['viper', 'sova', 'omen']",421,0.97,203.5,0.99,68.0,131.7,0.6900000000000001,0.34,0.09,0.14,23.0,20.0,emea,gc,-1.4251069296688321
Harmonee,aTTaX,"['fade', 'sova', 'gekko']",535,0.97,190.1,0.91,68.0,130.9,0.64,0.27,0.08,0.1,28.0,20.0,emea,gc,-2.241621425512224
Guardy,BAR,"['gekko', 'kayo', 'skye']",499,0.97,181.8,0.88,71.0,121.2,0.63,0.38,0.06,0.07,28.0,14.0,emea,challengers,-2.165903005545475
Kalkkuna,STR99,"['jett', 'raze']",201,0.97,208.7,1.03,72.0,139.4,0.75,0.12,0.17,0.18,27.0,13.0,emea,challengers,-0.688845185013324
bipo,NOVO,"['neon', 'yoru', 'jett']",416,0.96,207.6,1.02,65.0,135.3,0.75,0.19,0.18,0.19,31.0,3.0,emea,challengers,-3.24649763566016
ellie,aTTaX,"['raze', 'jett']",535,0.96,201.2,1.0,67.0,134.6,0.74,0.14,0.15,0.19,31.0,13.0,emea,gc,-2.860727531039636
Mel,VLNT,"['viper', 'omen', 'brimstone']",522,0.96,182.5,0.92,72.0,117.3,0.64,0.44,0.06,0.09,32.0,15.0,emea,gc,-0.409382096856908
TakaS,M8,"['neon', 'yoru', 'omen']",212,0.96,203.1,0.9400000000000001,67.0,136.0,0.7000000000000001,0.23,0.17,0.21,23.0,19.0,emea,international,-3.24562231865186
hype,APK,"['killjoy', 'viper', 'cypher']",599,0.96,188.4,1.0,71.0,125.1,0.66,0.24,0.1,0.09,28.0,21.0,emea,challengers,-0.290207252930532
Fragger,SAW,"['kayo', 'iso', 'sage']",382,0.9500000000000001,190.0,0.93,70.0,125.8,0.68,0.4,0.08,0.11,30.0,20.0,emea,challengers,0.45514214297599703
Danda,DEMU,"['omen', 'fade', 'sova']",385,0.9500000000000001,176.8,0.91,71.0,113.1,0.64,0.35000000000000003,0.05,0.06,28.0,17.0,emea,challengers,-2.418610256311493
lurzy0y0,GAL,"['omen', 'breach', 'viper']",629,0.9500000000000001,183.5,0.93,71.0,123.5,0.66,0.25,0.07,0.07,32.0,10.0,emea,challengers,-2.394671970995131
DESTRUCT1VEE,GAL,"['cypher', 'viper', 'astra']",629,0.9500000000000001,185.7,0.9400000000000001,70.0,122.9,0.66,0.33,0.09,0.1,28.0,18.0,emea,challengers,-1.293164786416763
lenka,ZER.M,"['killjoy', 'brimstone', 'cypher']",348,0.9500000000000001,187.5,0.9400000000000001,71.0,128.2,0.67,0.2,0.11,0.07,29.0,15.0,emea,gc,-1.016912961228636
MiniBoo,TH,"['raze', 'neon', 'kayo']",950,0.9400000000000001,207.3,0.9500000000000001,70.0,136.8,0.71,0.21,0.16,0.16,30.0,8.0,emea,international,-1.443849873319265
Shao,NAVI,"['brimstone', 'omen', 'astra']",209,0.9400000000000001,182.4,0.86,71.0,126.1,0.64,0.33,0.07,0.06,32.0,26.0,emea,international,1.209699236067198
Obnoks,MOUZ,"['sova', 'gekko', 'reyna']",634,0.9400000000000001,182.8,0.89,73.0,126.0,0.63,0.34,0.06,0.07,28.0,12.0,emea,challengers,-1.990541053686569
alexiiik,GN,"['neon', 'jett', 'raze']",496,0.9400000000000001,210.6,1.03,66.0,135.6,0.76,0.14,0.18,0.18,30.0,7.0,emea,challengers,-2.424450362943544
maniek,BAR,"['yoru', 'jett', 'neon']",499,0.9400000000000001,218.7,1.01,65.0,142.4,0.77,0.19,0.17,0.22,23.0,17.0,emea,challengers,-2.379870505230998
Insider,KPI,"['cypher', 'killjoy', 'viper']",323,0.9400000000000001,186.3,1.0,67.0,129.2,0.65,0.17,0.1,0.08,34.0,19.0,emea,challengers,-1.014257799842424
KPZET,BAR,"['clove', 'viper', 'omen']",222,0.9400000000000001,177.5,0.89,73.0,118.4,0.62,0.38,0.07,0.09,37.0,14.0,emea,challengers,-0.33157127035084705
luckeRRR,SGE,"['yoru', 'sage', 'cypher']",206,0.93,191.3,0.9,74.0,124.7,0.64,0.31,0.11,0.1,22.0,6.0,emea,challengers,-3.610851376655686
Ambi,VLNT,"['kayo', 'jett', 'deadlock']",503,0.93,178.5,0.88,70.0,117.4,0.62,0.36,0.07,0.09,26.0,10.0,emea,challengers,-4.777173577050504
N,A,"['gekko', 'sova', 'harbor']",416,0.93,184.9,0.91,68.0,124.6,0.65,0.24,0.06,0.07,29.0,15.0,emea,challengers,-3.546136994172554
Grmekista,DIA,"['astra', 'killjoy', 'sova']",621,0.93,170.9,0.86,71.0,118.3,0.59,0.34,0.06,0.06,22.0,9.0,emea,challengers,-6.03545673996129
Vorwenn,BAR,"['cypher', 'clove', 'sova']",499,0.93,178.6,0.89,72.0,119.9,0.63,0.24,0.07,0.09,31.0,21.0,emea,challengers,-2.182832343119688
caydeN,DSY,"['brimstone', 'sage', 'omen']",351,0.92,171.5,0.86,72.0,113.6,0.58,0.44,0.09,0.08,24.0,13.0,emea,challengers,-3.516028901072174
LiriLia,KC.GC,"['breach', 'astra', 'gekko']",298,0.92,174.4,0.85,72.0,121.3,0.59,0.43,0.05,0.07,30.0,6.0,emea,gc,-3.599572658602702
bucher,FKS,"['omen', 'brimstone']",245,0.92,162.2,0.86,70.0,105.4,0.5700000000000001,0.4,0.05,0.07,39.0,7.0,emea,challengers,-4.2529520481707515
Loupiote,ZER.M,"['sova', 'gekko', 'skye']",348,0.92,165.3,0.87,75.0,108.9,0.58,0.31,0.05,0.07,22.0,17.0,emea,gc,-5.307935644205706
leeni,FKS.S,"['raze', 'jett']",262,0.92,208.4,0.91,65.0,138.3,0.71,0.19,0.22,0.19,20.0,10.0,emea,gc,-4.507096001878957
xenia,HOWL.M,"['skye', 'neon', 'jett']",240,0.92,209.5,0.96,64.0,142.1,0.74,0.2,0.18,0.18,29.0,9.0,emea,gc,-2.48080818543436
iluri,MOUZ,"['breach', 'skye', 'sova']",634,0.91,159.7,0.87,72.0,108.3,0.58,0.33,0.05,0.09,40.0,17.0,emea,challengers,-2.770415873940327
Nescargot,Team,"['omen', 'sova', 'viper']",298,0.91,173.7,0.88,68.0,115.4,0.61,0.27,0.06,0.09,34.0,6.0,emea,gc,-6.210742018211147
Wailers,M8,"['cypher', 'omen', 'killjoy']",212,0.91,166.4,0.92,73.0,114.7,0.61,0.21,0.05,0.04,37.0,3.0,emea,international,-4.281632963215331
alannn,NOVO,"['killjoy', 'cypher', 'viper']",416,0.91,191.0,0.9400000000000001,68.0,125.9,0.68,0.19,0.08,0.1,35.0,12.0,emea,challengers,-2.755165777068307
CyderX,GS,"['skye', 'harbor', 'sova']",221,0.91,158.5,0.85,71.0,112.2,0.56,0.26,0.02,0.04,35.0,21.0,emea,challengers,-3.852292172961547
elysian,FKS.S,"['skye', 'breach', 'sova']",262,0.91,172.7,0.88,74.0,117.5,0.63,0.34,0.05,0.05,30.0,13.0,emea,gc,-1.9063030203270461
runneR,VIT,"['killjoy', 'cypher', 'viper']",611,0.91,187.4,0.9,71.0,122.1,0.64,0.27,0.1,0.08,20.0,10.0,emea,international,-4.7558431727308275
Brädi,DOES,"['breach', 'fade', 'kayo']",201,0.9,163.4,0.8300000000000001,71.0,108.5,0.59,0.4,0.1,0.11,23.0,29.0,emea,challengers,-3.0510190792875562
glovee,GAL,"['sova', 'skye', 'fade']",629,0.9,171.1,0.84,71.0,114.7,0.6000000000000001,0.34,0.07,0.08,25.0,19.0,emea,challengers,-4.118112776024499
jas,JL,"['jett', 'neon', 'raze']",449,0.9,199.6,0.9400000000000001,68.0,130.9,0.6900000000000001,0.18,0.18,0.21,28.0,32.0,emea,challengers,-0.4666312448293
cullumx,ACE,"['kayo', 'reyna', 'iso']",375,0.9,192.6,0.91,66.0,128.9,0.68,0.29,0.11,0.12,39.0,9.0,emea,challengers,-1.464854670255452
Gianta,RFS,"['omen', 'viper', 'cypher']",240,0.9,162.3,0.8,71.0,111.0,0.58,0.4,0.08,0.05,31.0,19.0,emea,gc,-2.119248393961405
Serial,Aimb,"['gekko', 'cypher', 'deadlock']",300,0.9,196.7,0.96,65.0,127.2,0.71,0.17,0.07,0.14,45.0,12.0,emea,challengers,-2.167515339766586
Famzzam,SNS,"['viper', 'gekko', 'fade']",548,0.9,169.9,0.8300000000000001,71.0,111.4,0.58,0.32,0.06,0.08,25.0,12.0,emea,challengers,-6.554526296965257
Buld,GN,"['breach', 'sage', 'sova']",496,0.89,177.3,0.91,70.0,115.1,0.62,0.29,0.1,0.1,27.0,10.0,emea,challengers,-4.946791374342446
bzt,CG,"['sova', 'breach', 'fade']",300,0.89,167.2,0.8300000000000001,71.0,117.9,0.5700000000000001,0.31,0.05,0.06,28.0,11.0,emea,challengers,-5.652678363388904
Ale,OF,"['neon', 'raze', 'yoru']",218,0.89,195.2,0.85,64.0,128.5,0.67,0.22,0.17,0.22,20.0,5.0,emea,challengers,-9.803465763951882
ginger,aTTaX,"['cypher', 'killjoy', 'clove']",535,0.89,185.5,0.9500000000000001,64.0,119.9,0.68,0.21,0.06,0.12,20.0,22.0,emea,gc,-6.888563377276343
SUPERPHROG,HERO,"['chamber', 'killjoy', 'cypher']",251,0.88,179.6,0.91,63.0,127.3,0.66,0.14,0.11,0.1,32.0,14.0,emea,gc,-5.295869712829152
Blossi,aTTaX,"['omen', 'astra']",535,0.88,163.6,0.81,68.0,110.3,0.58,0.41000000000000003,0.06,0.1,26.0,11.0,emea,gc,-7.346158194253217
sh1n,KC,"['viper', 'omen', 'kayo']",208,0.88,176.0,0.84,70.0,116.2,0.63,0.35000000000000003,0.09,0.07,26.0,5.0,emea,international,-5.127001504807651
qRaxs,FUT,"['gekko', 'breach', 'sage']",255,0.88,154.6,0.91,72.0,103.3,0.58,0.27,0.04,0.08,28.0,20.0,emea,international,-5.925702321066546
musashi,ACE,"['gekko', 'raze', 'fade']",375,0.87,167.1,0.84,67.0,113.8,0.5700000000000001,0.27,0.09,0.11,27.0,18.0,emea,challengers,-6.898205925858521
w0zzip,FF,"['gekko', 'kayo', 'breach']",235,0.87,169.6,0.85,70.0,111.0,0.58,0.31,0.07,0.08,27.0,17.0,emea,challengers,-5.226148079765985
Gloomy,HOWL,"['viper', 'sova', 'gekko']",381,0.87,158.3,0.79,72.0,105.4,0.53,0.36,0.08,0.12,19.0,5.0,emea,challengers,-10.950017767133746
HearthBeat,SNS,"['omen', 'brimstone', 'viper']",548,0.87,159.5,0.78,69.0,106.5,0.54,0.42,0.06,0.09,27.0,8.0,emea,challengers,-8.174309813269774
Sacake,VLNT,"['sova', 'gekko', 'fade']",503,0.87,170.5,0.78,69.0,112.9,0.5700000000000001,0.32,0.06,0.04,24.0,7.0,emea,challengers,-7.515494285005737
ceNder,VIT,"['omen', 'viper']",611,0.86,160.6,0.81,69.0,102.6,0.58,0.37,0.07,0.15,28.0,8.0,emea,international,-9.559856679418717
Cille,HERO,"['fade', 'sova', 'kayo']",251,0.86,161.9,0.8200000000000001,70.0,102.1,0.59,0.33,0.04,0.06,26.0,17.0,emea,gc,-6.504582740937998
zeddy,KPI,"['brimstone', 'gekko', 'omen']",323,0.86,168.1,0.81,73.0,109.5,0.55,0.39,0.08,0.09,21.0,5.0,emea,challengers,-7.7957925151146625
Boaster,FNC,"['omen', 'viper', 'astra']",604,0.85,150.7,0.8200000000000001,71.0,97.1,0.51,0.39,0.08,0.11,26.0,15.0,emea,international,-8.11429298547716
Prti,DIA,"['fade', 'skye', 'breach']",621,0.85,164.9,0.81,68.0,112.5,0.58,0.35000000000000003,0.05,0.09,28.0,14.0,emea,challengers,-6.860902498690475
Rosé,PCF,"['sova', 'breach', 'kayo']",827,0.85,162.8,0.8200000000000001,67.0,111.1,0.5700000000000001,0.28,0.07,0.1,28.0,25.0,emea,challengers,-6.031932741792334
eNes,SGE,"['clove', 'omen']",206,0.84,169.4,0.75,70.0,110.6,0.58,0.39,0.06,0.06,22.0,13.0,emea,challengers,-6.574716814069725
Zyppan,NAVI,"['raze', 'kayo', 'gekko']",209,0.8300000000000001,200.6,0.85,69.0,132.8,0.68,0.29,0.11,0.16,26.0,6.0,emea,international,-5.043979651862527
Feeqn,OF,"['cypher', 'viper', 'killjoy']",218,0.8300000000000001,173.8,0.78,66.0,117.8,0.6000000000000001,0.18,0.05,0.06,20.0,6.0,emea,challengers,-11.219738838755505
6sonya,O1O,"['sova', 'fade']",235,0.81,151.8,0.77,66.0,106.8,0.55,0.23,0.06,0.07,37.0,14.0,emea,gc,-7.838311354859345
ANGE1,NAVI,"['gekko', 'sova', 'fade']",209,0.8,163.0,0.77,69.0,110.7,0.58,0.28,0.13,0.11,29.0,10.0,emea,international,-7.025755538633048
Bully,NXT,"['omen', 'brimstone', 'cypher']",219,0.8,173.4,0.77,71.0,121.5,0.6000000000000001,0.38,0.08,0.1,25.0,10.0,emea,challengers,-5.547275321519842
Touven,GGO,"['raze', 'sova', 'yoru']",221,0.8,175.3,0.79,65.0,120.8,0.6000000000000001,0.2,0.1,0.19,26.0,11.0,emea,challengers,-11.089832083440633
nixoon,OF,"['omen', 'clove', 'viper']",218,0.79,185.7,0.73,65.0,113.4,0.64,0.37,0.11,0.13,23.0,7.0,emea,challengers,-8.357890467313112
MAGNUM,KC,"['killjoy', 'sova', 'kayo']",208,0.79,161.9,0.73,72.0,109.3,0.54,0.30000000000000004,0.1,0.13,32.0,12.0,emea,international,-7.181048258515991
SouhcNi,SUP,"['skye', 'gekko', 'sova']",259,0.78,157.7,0.73,66.0,105.2,0.5,0.32,0.05,0.12,28.0,14.0,emea,challengers,-11.203860658647192
BennY,CGN,"['gekko', 'phoenix', 'raze']",775,0.78,154.6,0.79,65.0,99.9,0.55,0.23,0.09,0.13,28.0,11.0,emea,challengers,-11.878808388530818
Jesmu,OF,"['sova', 'gekko', 'fade']",218,0.78,165.4,0.73,68.0,112.5,0.5700000000000001,0.30000000000000004,0.09,0.11,19.0,20.0,emea,challengers,-8.693008917101412
Ixela,HOWL.M,"['jett', 'viper', 'gekko']",240,0.77,165.7,0.71,67.0,109.5,0.55,0.39,0.08,0.11,27.0,17.0,emea,gc,-7.465871541044946
tomaszy,KC,"['harbor', 'cypher', 'neon']",208,0.74,157.5,0.73,62.0,106.5,0.55,0.21,0.06,0.1,31.0,4.0,emea,international,-13.404068385980075
beyAz,M8,"['kayo', 'breach', 'fade']",212,0.73,144.9,0.65,69.0,97.1,0.47000000000000003,0.41000000000000003,0.03,0.08,21.0,19.0,emea,international,-11.370697496074275
ANXiOS,SKUL,"['skye', 'omen', 'kayo']",385,0.73,150.9,0.66,69.0,97.8,0.5,0.47000000000000003,0.06,0.09,22.0,9.0,emea,challengers,-10.955571357284871
florescent,SR,"['jett', 'raze', 'reyna']",377,1.38,289.3,1.44,76.0,189.5,1.02,0.2,0.16,0.11,30.0,11.0,amer,gc,17.586840503053754
Spaz,TACO,"['viper', 'omen', 'harbor']",551,1.24,217.4,1.25,80.0,137.2,0.75,0.45,0.09,0.06,20.0,32.0,amer,challengers,11.21303323417957
nabil,RESO,"['killjoy', 'cypher', 'kayo']",264,1.24,240.3,1.31,77.0,155.4,0.86,0.27,0.15,0.05,25.0,21.0,amer,challengers,13.200373676354102
Kaoticcc,SaD,"['jett', 'raze', 'reyna']",726,1.23,288.8,1.33,71.0,180.1,1.01,0.16,0.24,0.16,25.0,16.0,amer,challengers,14.335196121183237
v1c,MxS,"['omen', 'viper']",419,1.22,236.6,1.34,78.0,153.7,0.8300000000000001,0.35000000000000003,0.1,0.08,27.0,9.0,amer,challengers,10.148987775577107
mada,MxS,"['jett', 'neon', 'raze']",253,1.21,241.7,1.25,75.0,155.2,0.8300000000000001,0.22,0.21,0.11,27.0,15.0,amer,challengers,10.32497355645642
dodonut,FLY.R,"['raze', 'sage', 'omen']",544,1.19,235.6,1.22,77.0,154.5,0.8200000000000001,0.32,0.12,0.09,25.0,23.0,amer,gc,10.774581173249285
wippie,,"['killjoy', 'omen', 'cypher']",310,1.18,195.9,1.27,78.0,135.1,0.71,0.33,0.07,0.04,24.0,17.0,amer,challengers,5.787484070026152
Kyu,AMB,"['breach', 'viper', 'sova']",524,1.18,220.3,1.22,77.0,144.6,0.76,0.41000000000000003,0.07,0.05,23.0,17.0,amer,challengers,8.053588127688098
karie,SNG,"['cypher', 'deadlock', 'brimstone']",295,1.17,229.3,1.25,74.0,157.9,0.84,0.23,0.06,0.07,35.0,9.0,amer,gc,7.872349401391531
StarBound,FLY.R,"['viper', 'killjoy', 'deadlock']",377,1.17,217.8,1.29,76.0,140.9,0.77,0.25,0.14,0.08,17.0,12.0,amer,gc,4.68199606870171
curry,SEN,"['breach', 'omen', 'viper']",356,1.15,220.0,1.28,72.0,142.9,0.81,0.27,0.09,0.09,40.0,16.0,amer,challengers,8.757412106976897
Verno,OXG,"['breach', 'gekko', 'sova']",332,1.15,197.6,1.17,77.0,135.4,0.7000000000000001,0.41000000000000003,0.07,0.06,33.0,15.0,amer,challengers,6.770006528838669
brawk,MxS,"['sova', 'fade', 'gekko']",253,1.1400000000000001,214.0,1.15,72.0,143.3,0.76,0.31,0.07,0.04,20.0,3.0,amer,challengers,1.398977245045741
Ali,WU,"['astra', 'clove', 'brimstone']",255,1.13,234.0,1.07,74.0,156.3,0.79,0.37,0.11,0.12,24.0,8.0,amer,challengers,4.899797768045
Shondex,Blue,"['omen', 'viper', 'clove']",653,1.12,207.6,1.17,74.0,138.6,0.77,0.23,0.08,0.08,34.0,12.0,amer,challengers,4.512219696655862
avery,FLOP,"['breach', 'sova', 'fade']",295,1.12,212.4,1.09,78.0,140.6,0.73,0.39,0.07,0.03,28.0,12.0,amer,gc,6.800303957500824
VYX,FCN,"['kayo', 'omen', 'viper']",430,1.12,210.0,1.13,75.0,139.7,0.77,0.38,0.08,0.08,27.0,12.0,amer,challengers,5.02848720178992
Kess,UT,"['sova', 'fade', 'skye']",263,1.12,226.5,1.01,72.0,152.1,0.74,0.38,0.09,0.07,23.0,9.0,amer,challengers,3.578098641460719
Pa1nt,Blue,"['jett', 'neon', 'yoru']",553,1.11,261.4,1.18,69.0,166.1,0.92,0.22,0.24,0.18,27.0,11.0,amer,challengers,8.859741818542059
Neon,AMB,"['jett', 'raze']",213,1.11,224.2,1.15,72.0,140.3,0.78,0.16,0.13,0.15,14.0,18.0,amer,challengers,-0.22341363220063
Jerrwin,LS,"['raze', 'jett', 'chamber']",732,1.11,255.9,1.1400000000000001,70.0,165.0,0.89,0.23,0.21,0.17,22.0,16.0,amer,challengers,7.566936730607423
gMd,TSM,"['omen', 'viper', 'brimstone']",766,1.11,215.9,1.05,76.0,139.7,0.75,0.42,0.08,0.07,29.0,15.0,amer,challengers,6.510519974222966
zekken,SEN,"['raze', 'jett', 'neon']",531,1.11,255.7,1.15,70.0,163.5,0.89,0.24,0.21,0.18,24.0,21.0,amer,international,8.7402503028893
GaryDaSnail,Non-,"['deadlock', 'cypher', 'killjoy']",473,1.11,220.1,1.1,69.0,143.3,0.78,0.2,0.07,0.07,36.0,14.0,amer,challengers,4.00480054713769
koalanoob,M80,"['jett', 'yoru', 'sage']",896,1.11,234.6,1.2,71.0,147.4,0.8200000000000001,0.24,0.2,0.13,23.0,21.0,amer,challengers,7.3711845144260675
bones,FAIM,"['raze', 'neon', 'skye']",324,1.11,229.8,1.15,73.0,153.2,0.8,0.30000000000000004,0.12,0.1,27.0,35.0,amer,challengers,10.559602330755881
mitch,OXG,"['kayo', 'skye', 'breach']",332,1.11,214.5,1.09,78.0,138.0,0.72,0.49,0.11,0.08,28.0,12.0,amer,challengers,7.450571317324359
welyy,Blue,"['sova', 'breach', 'fade']",792,1.1,195.9,1.09,74.0,132.4,0.66,0.36,0.07,0.05,30.0,14.0,amer,challengers,3.249482805114433
zander,M80,"['omen', 'viper', 'brimstone']",896,1.1,217.8,1.13,76.0,137.1,0.77,0.38,0.11,0.1,27.0,20.0,amer,challengers,7.168103478320342
KHS,MORB,"['sova', 'gekko', 'jett']",379,1.1,243.9,1.08,78.0,165.3,0.8,0.35000000000000003,0.15,0.09,25.0,12.0,amer,challengers,9.995124001324271
skuba,OXG,"['omen', 'brimstone', 'sova']",440,1.1,202.6,1.11,75.0,128.4,0.73,0.34,0.08,0.08,31.0,12.0,amer,challengers,3.588888927965368
GLYPH,IL,"['omen', 'gekko', 'viper']",261,1.1,227.7,1.11,76.0,151.9,0.78,0.36,0.1,0.1,22.0,12.0,amer,challengers,5.549252861557397
acrian,VLYN,"['cypher', 'killjoy']",390,1.09,213.4,1.1,75.0,145.4,0.75,0.21,0.06,0.07,27.0,16.0,amer,challengers,3.442185786959866
eeiu,100T,"['fade', 'sova']",318,1.09,188.7,1.07,75.0,127.1,0.67,0.36,0.04,0.03,30.0,14.0,amer,international,2.594876422533228
Bankroft,Tact,"['cypher', 'sage']",344,1.09,216.1,1.1,72.0,139.5,0.74,0.36,0.08,0.06,19.0,10.0,amer,challengers,1.961246211485614
misu,RF.GC,"['sova', 'viper', 'clove']",329,1.09,201.8,1.11,74.0,136.5,0.71,0.31,0.08,0.05,24.0,12.0,amer,gc,2.510396264755744
Papi,NBG,"['breach', 'killjoy', 'gekko']",260,1.09,223.4,1.08,73.0,153.1,0.81,0.34,0.1,0.08,25.0,44.0,amer,challengers,11.617848196878635
TenZ,SEN,"['omen', 'gekko', 'kayo']",531,1.09,210.1,1.07,74.0,137.0,0.73,0.4,0.08,0.1,26.0,6.0,amer,international,1.906984587663794
Wildfire,MU,"['skye', 'breach', 'kayo']",590,1.09,190.3,1.02,73.0,127.7,0.68,0.45,0.05,0.05,34.0,10.0,amer,challengers,2.8472847439449622
Fair,SCC,"['reyna', 'clove', 'jett']",287,1.09,245.5,1.17,70.0,154.4,0.87,0.12,0.22,0.19,30.0,8.0,amer,challengers,4.88927929085247
Timotino,ROSE,"['raze', 'yoru', 'jett']",343,1.08,238.4,1.11,69.0,153.4,0.81,0.22,0.16,0.16,27.0,14.0,amer,challengers,3.9986900593570853
Okeanos,BLIN,"['jett', 'neon', 'raze']",476,1.08,248.1,1.17,74.0,158.4,0.89,0.23,0.19,0.17,28.0,9.0,amer,challengers,7.667814252955575
Barrett,YDZ,"['sova', 'gekko', 'breach']",299,1.08,211.9,1.06,72.0,137.4,0.74,0.29,0.06,0.06,27.0,18.0,amer,challengers,3.157408610115075
renz,MU,"['viper', 'sova', 'fade']",668,1.08,205.7,1.08,72.0,137.2,0.75,0.28,0.09,0.1,27.0,16.0,amer,challengers,2.261921160551642
seven,TSM,"['gekko', 'sova', 'kayo']",766,1.08,211.4,1.06,75.0,139.8,0.73,0.33,0.08,0.11,21.0,21.0,amer,challengers,2.8490765161924623
Teague,TACO,"['clove', 'breach', 'kayo']",551,1.07,197.4,1.05,74.0,126.4,0.7000000000000001,0.46,0.07,0.07,27.0,18.0,amer,challengers,3.838351042325471
corey,DZ,"['neon', 'breach', 'raze']",266,1.07,217.8,1.08,70.0,149.3,0.78,0.21,0.15,0.14,29.0,13.0,amer,challengers,2.883479137472254
terror,oomf,"['sova', 'brimstone', 'deadlock']",209,1.07,228.2,1.01,67.0,148.2,0.78,0.26,0.09,0.11,31.0,15.0,amer,challengers,2.626070253454482
bao,LS,"['brimstone', 'sage', 'yoru']",903,1.07,214.1,1.1,73.0,140.4,0.76,0.29,0.08,0.07,30.0,15.0,amer,challengers,4.68445882112137
melya,Elat,"['viper', 'cypher', 'omen']",429,1.06,206.3,1.03,69.0,136.1,0.73,0.36,0.06,0.06,31.0,12.0,amer,gc,2.249254322939633
scarn,SAD,"['jett', 'raze', 'reyna']",336,1.06,228.4,1.09,69.0,154.2,0.81,0.14,0.17,0.2,26.0,19.0,amer,challengers,2.212806628054935
mikeE,BLIN,"['killjoy', 'chamber', 'cypher']",588,1.06,218.9,1.09,72.0,142.0,0.78,0.21,0.14,0.1,32.0,13.0,amer,challengers,4.6403805871104815
jakee,YFP,"['omen', 'brimstone', 'viper']",727,1.06,208.9,1.05,72.0,135.4,0.75,0.4,0.09,0.09,30.0,14.0,amer,challengers,4.170690038010576
penny,G2,"['jett', 'raze', 'neon']",261,1.06,228.6,1.16,68.0,152.0,0.8200000000000001,0.15,0.17,0.16,23.0,22.0,amer,international,3.621282720921583
Cryocells,100T,"['brimstone', 'jett', 'omen']",318,1.06,226.9,1.16,71.0,139.3,0.8300000000000001,0.2,0.16,0.12,25.0,23.0,amer,international,5.797005044611754
reddi,270.0,"['cypher', 'killjoy', 'omen']",270,1.05,194.6,1.15,75.0,128.8,0.74,0.17,0.06,0.06,35.0,21.0,amer,challengers,12.30655801042532
ion2x,TOR,"['deadlock', 'raze', 'iso']",588,1.05,231.0,1.11,71.0,151.4,0.81,0.28,0.14,0.12,33.0,17.0,amer,challengers,7.407171156781406
jowa,TM,"['fade', 'sova', 'kayo']",423,1.05,201.4,0.98,75.0,132.6,0.6900000000000001,0.39,0.08,0.07,29.0,9.0,amer,challengers,2.22844984404023
Paincakes,FAIM,"['skye', 'deadlock', 'sova']",438,1.05,209.4,1.05,75.0,136.1,0.75,0.33,0.11,0.1,33.0,18.0,amer,challengers,5.864410744370323
Jackk,(+1),"['skye', 'fade', 'sova']",350,1.04,193.3,0.98,69.0,126.4,0.68,0.33,0.07,0.09,33.0,10.0,amer,challengers,-0.9972418876215671
Kazler,RF.GC,"['breach', 'gekko', 'fade']",387,1.04,206.0,1.05,75.0,135.4,0.72,0.31,0.11,0.13,32.0,28.0,amer,gc,5.778872861504295
soleil,(+7),"['jett', 'neon', 'sova']",486,1.04,208.2,0.99,73.0,136.6,0.72,0.35000000000000003,0.08,0.07,27.0,12.0,amer,challengers,2.299638861783293
FireBallOps,0.0,"['deadlock', 'killjoy', 'cypher']",304,1.04,218.2,1.07,67.0,148.5,0.77,0.2,0.1,0.09,36.0,9.0,amer,challengers,2.484110452803166
Notexxd,LS,"['viper', 'omen', 'brimstone']",526,1.04,203.4,1.02,72.0,136.9,0.72,0.36,0.08,0.1,35.0,19.0,amer,challengers,4.39519454385427
Cohburg,SAD,"['astra', 'omen', 'viper']",294,1.04,193.8,1.01,71.0,126.4,0.7000000000000001,0.36,0.07,0.1,29.0,14.0,amer,challengers,0.037341294440188
panini,COL,"['omen', 'brimstone', 'clove']",295,1.04,216.6,1.01,75.0,140.9,0.74,0.33,0.11,0.09,28.0,7.0,amer,gc,3.234086343978285
nightz,ASTA,"['yoru', 'clove', 'reyna']",409,1.04,239.5,1.07,72.0,152.1,0.8300000000000001,0.25,0.16,0.15,36.0,14.0,amer,challengers,7.458286876016089
bang,100T,"['viper', 'omen']",318,1.04,201.1,1.05,73.0,127.7,0.71,0.37,0.07,0.12,32.0,16.0,amer,international,2.087383004450086
JoBa,TAMU,"['killjoy', 'cypher', 'viper']",352,1.03,216.5,1.04,69.0,144.8,0.76,0.2,0.1,0.11,20.0,12.0,amer,challengers,-1.122302525130559
sarahcat,SR,"['breach', 'deadlock', 'sova']",352,1.03,226.2,1.07,71.0,145.4,0.79,0.24,0.14,0.16,31.0,4.0,amer,gc,1.6558809706522881
Logan,Burg,"['sova', 'fade', 'skye']",591,1.03,208.4,0.98,71.0,143.1,0.71,0.34,0.08,0.08,24.0,21.0,amer,challengers,2.565386469972186
neptune,FAIM,"['breach', 'skye']",243,1.03,218.4,1.02,73.0,135.8,0.75,0.48,0.09,0.08,36.0,8.0,amer,challengers,6.241926998813282
Tim,ZMM.B,"['omen', 'viper', 'reyna']",278,1.03,211.5,0.98,77.0,133.0,0.74,0.42,0.1,0.1,21.0,6.0,amer,challengers,1.620437831045711
Nanners,ZMM.B,"['gekko', 'killjoy', 'iso']",634,1.02,205.1,1.02,68.0,136.4,0.72,0.26,0.1,0.09,29.0,14.0,amer,challengers,0.52474273144257
ScrewFace,WU,"['sova', 'iso', 'cypher']",532,1.02,189.5,0.96,69.0,126.1,0.66,0.32,0.1,0.09,28.0,10.0,amer,challengers,-2.078237375857077
leaf,G2,"['killjoy', 'viper']",525,1.02,212.5,1.0,69.0,143.9,0.74,0.23,0.13,0.09,20.0,19.0,amer,international,1.093512120106262
Reduxx,OXG,"['raze', 'jett', 'iso']",421,1.02,223.6,1.06,72.0,144.7,0.77,0.19,0.18,0.18,24.0,9.0,amer,challengers,0.615686994810651
JonahP,G2,"['breach', 'skye', 'viper']",525,1.02,201.2,0.99,70.0,127.3,0.71,0.35000000000000003,0.09,0.09,24.0,21.0,amer,international,0.971400789245464
geeza,MU,"['cypher', 'killjoy', 'iso']",288,1.02,217.4,1.04,69.0,141.7,0.76,0.21,0.12,0.12,27.0,4.0,amer,challengers,-0.8592035602586161
Blahst,ZMM.B,"['omen', 'viper', 'brimstone']",639,1.02,188.4,0.96,70.0,123.2,0.67,0.39,0.06,0.07,27.0,12.0,amer,challengers,-1.335050138668732
Cowpie867,UCI,"['cypher', 'chamber', 'viper']",379,1.02,211.1,1.05,68.0,142.8,0.74,0.18,0.15,0.14,35.0,7.0,amer,challengers,0.628239596373635
tdawgg,QOR,"['sova', 'gekko', 'breach']",264,1.02,172.4,1.01,74.0,116.4,0.63,0.39,0.05,0.07,23.0,44.0,amer,challengers,3.257869760388142
valyn,G2,"['omen', 'brimstone', 'astra']",525,1.01,197.3,1.0,77.0,120.5,0.7000000000000001,0.37,0.08,0.08,22.0,24.0,amer,international,2.688276960915072
ExciteMVP,WVU,"['sova', 'skye']",381,1.01,192.7,0.9400000000000001,74.0,132.1,0.65,0.25,0.07,0.04,25.0,8.0,amer,challengers,-1.588496016974755
Bobovo,IluZ,"['jett', 'reyna', 'yoru']",212,1.01,214.3,0.98,69.0,143.6,0.76,0.22,0.12,0.13,21.0,3.0,amer,challengers,-3.033206701303889
calsushi,TDY,"['gekko', 'sova', 'fade']",230,1.01,205.7,0.9500000000000001,67.0,138.8,0.72,0.22,0.05,0.03,34.0,14.0,amer,gc,0.9316282464861091
NiSMO,M80,"['breach', 'deadlock', 'kayo']",896,1.01,181.7,0.9500000000000001,74.0,120.3,0.63,0.49,0.07,0.06,32.0,10.0,amer,challengers,1.3113680228113571
dynamic,TOR,"['omen', 'brimstone', 'skye']",320,1.01,207.5,1.04,73.0,136.5,0.75,0.31,0.12,0.1,29.0,23.0,amer,challengers,5.172803261309632
tokyo,ROSE,"['killjoy', 'cypher', 'deadlock']",499,1.01,200.7,1.03,67.0,133.5,0.74,0.13,0.1,0.09,40.0,18.0,amer,challengers,1.6930040284576142
Zoestol,Blue,"['omen', 'viper', 'brimstone']",457,1.01,179.6,1.0,75.0,112.8,0.63,0.4,0.08,0.06,24.0,9.0,amer,challengers,-1.5147528563286201
Klamran,ROSE,"['jett', 'raze', 'neon']",345,1.01,220.9,1.0,68.0,147.8,0.77,0.19,0.16,0.14,31.0,35.0,amer,challengers,6.092890347544356
k0rupt,,"['deadlock', 'viper', 'gekko']",428,1.01,200.2,0.9400000000000001,72.0,136.2,0.6900000000000001,0.30000000000000004,0.08,0.07,29.0,18.0,amer,gc,1.752658939310408
Andersin,BTR,"['brimstone', 'omen', 'viper']",459,1.01,210.6,0.99,73.0,138.7,0.73,0.39,0.11,0.09,26.0,14.0,amer,challengers,3.544123710979547
furbsa,SAD,"['iso', 'cypher', 'killjoy']",378,1.01,212.5,1.01,70.0,139.2,0.75,0.21,0.12,0.1,38.0,13.0,amer,challengers,3.373011563974918
NMSRLM,TV,"['harbor', 'clove', 'astra']",299,1.0,200.6,0.9500000000000001,73.0,127.0,0.71,0.37,0.07,0.08,38.0,13.0,amer,challengers,3.169096152805129
Jonaaa6,FAIM,"['cypher', 'viper', 'killjoy']",438,1.0,204.9,1.07,69.0,135.0,0.73,0.18,0.08,0.09,30.0,17.0,amer,challengers,0.46549485802489604
heartless,wows,"['jett', 'raze', 'reyna']",406,1.0,236.7,0.9500000000000001,65.0,157.1,0.8,0.19,0.2,0.17,27.0,7.0,amer,challengers,0.6909202485954301
thief,YFP,"['cypher', 'killjoy', 'brimstone']",261,1.0,194.8,1.03,70.0,126.5,0.7000000000000001,0.24,0.11,0.08,29.0,10.0,amer,challengers,-0.7049724275784081
Lear,THNK,"['sova', 'viper', 'skye']",236,1.0,205.5,0.9500000000000001,72.0,136.6,0.68,0.33,0.07,0.11,19.0,3.0,amer,challengers,-4.07205980836428
evv,FLOP,"['skye', 'sova', 'fade']",377,1.0,188.3,1.0,75.0,126.8,0.67,0.32,0.06,0.06,33.0,19.0,amer,gc,2.732717521584577
Dark3st,SAD,"['deadlock', 'breach', 'kayo']",378,1.0,189.2,0.97,74.0,123.1,0.67,0.39,0.07,0.08,28.0,26.0,amer,challengers,2.724932382154121
Rebo,ROSE,"['astra', 'sova', 'sage']",358,1.0,192.2,0.9500000000000001,70.0,123.9,0.66,0.35000000000000003,0.07,0.08,22.0,17.0,amer,challengers,-2.054755839662525
Asuna,100T,"['raze', 'kayo', 'yoru']",318,0.99,210.3,0.9400000000000001,76.0,134.4,0.7000000000000001,0.43,0.14,0.12,18.0,16.0,amer,international,2.313948935694458
stunna,VZ,"['raze', 'jett', 'clove']",393,0.99,203.6,0.91,71.0,133.6,0.72,0.33,0.11,0.1,27.0,4.0,amer,challengers,-1.177930077029676
edith,YFP,"['raze', 'jett', 'neon']",222,0.99,225.8,1.02,65.0,148.5,0.79,0.21,0.12,0.19,23.0,10.0,amer,gc,-2.742251870639853
johnqt,SEN,"['cypher', 'killjoy', 'deadlock']",531,0.99,167.3,1.0,73.0,110.0,0.61,0.26,0.07,0.06,26.0,16.0,amer,international,-3.429883248933656
stellar,DZ,"['kayo', 'gekko', 'sova']",423,0.99,178.1,0.98,72.0,116.9,0.65,0.34,0.05,0.07,25.0,9.0,amer,challengers,-3.679512224266867
meL,SR,"['omen', 'cypher', 'viper']",352,0.99,200.7,0.96,74.0,128.5,0.66,0.36,0.11,0.09,27.0,16.0,amer,gc,1.728611338663693
Moechilla,STORM,"['sova', 'killjoy', 'deadlock']",340,0.99,174.2,1.03,76.0,118.5,0.64,0.31,0.07,0.08,29.0,8.0,amer,challengers,-1.748201038460823
mili,RF.GC,"['jett', 'raze', 'yoru']",387,0.99,218.6,1.04,73.0,140.0,0.76,0.2,0.14,0.12,29.0,13.0,amer,gc,2.7435017464606872
Ange,MU,"['omen', 'viper', 'brimstone']",548,0.99,201.2,0.92,72.0,131.0,0.68,0.41000000000000003,0.11,0.1,22.0,15.0,amer,challengers,0.327999039487515
alexis,SR,"['harbor', 'breach', 'skye']",302,0.99,175.1,0.93,72.0,112.4,0.61,0.47000000000000003,0.04,0.05,35.0,3.0,amer,gc,-1.9261452821893932
kumi,FOE,"['neon', 'jett', 'raze']",462,0.99,221.1,0.99,70.0,142.4,0.77,0.2,0.18,0.15,26.0,10.0,amer,challengers,0.8245341516053261
roompa,VLYN,"['deadlock', 'fade', 'sova']",360,0.99,200.6,0.99,75.0,130.3,0.71,0.29,0.07,0.11,31.0,15.0,amer,challengers,1.21574098398404
alvinboy,Burg,"['neon', 'jett', 'raze']",566,0.99,217.7,0.99,68.0,144.3,0.76,0.23,0.13,0.15,31.0,22.0,amer,challengers,2.527322795515719
practo,AKM,"['sova', 'killjoy', 'cypher']",358,0.98,197.6,0.9500000000000001,69.0,132.7,0.72,0.24,0.08,0.07,35.0,16.0,amer,challengers,1.16785330402285
smiley,AMB,"['omen', 'kayo', 'breach']",482,0.98,182.1,0.96,76.0,120.0,0.64,0.4,0.09,0.09,32.0,17.0,amer,challengers,1.8877231575426432
satellite,VLYN,"['raze', 'jett']",348,0.98,219.2,1.02,69.0,148.1,0.77,0.17,0.18,0.2,22.0,12.0,amer,challengers,-1.263081614370425
Truth,SCC,"['deadlock', 'cypher', 'neon']",489,0.98,191.3,1.0,67.0,129.6,0.6900000000000001,0.16,0.07,0.09,30.0,11.0,amer,challengers,-3.8222484879027983
sacred,YFP,"['cypher', 'omen', 'reyna']",379,0.98,206.5,0.99,68.0,133.2,0.74,0.26,0.11,0.14,31.0,12.0,amer,challengers,-0.7401322501550991
exa,T1A,"['omen', 'gekko', 'deadlock']",296,0.98,198.9,1.0,71.0,133.9,0.74,0.24,0.08,0.13,29.0,19.0,amer,challengers,0.018749173817639003
Noia,SR,"['cypher', 'killjoy', 'omen']",436,0.98,186.6,0.98,67.0,126.5,0.67,0.23,0.07,0.1,26.0,16.0,amer,gc,-4.040048902301513
Nora,SOL,"['harbor', 'omen', 'viper']",316,0.98,193.1,1.0,76.0,126.8,0.67,0.37,0.1,0.08,31.0,23.0,amer,gc,4.633820927778999
gucc107,WVU,"['omen', 'clove', 'brimstone']",247,0.98,204.0,0.9400000000000001,68.0,131.1,0.73,0.36,0.09,0.08,27.0,19.0,amer,challengers,1.368270064236843
sabooboo,RF.GC,"['omen', 'brimstone']",229,0.98,187.9,0.9500000000000001,77.0,119.7,0.66,0.44,0.07,0.11,23.0,21.0,amer,gc,0.7340698906299801
trent,G2,"['sova', 'gekko', 'fade']",525,0.98,190.4,0.91,72.0,129.5,0.64,0.38,0.08,0.1,25.0,16.0,amer,international,-1.165200960973321
Zellsis,SEN,"['breach', 'viper', 'brimstone']",531,0.98,174.0,0.9500000000000001,73.0,110.8,0.61,0.39,0.05,0.09,22.0,13.0,amer,international,-4.6336908152366885
Boni,Burg,"['breach', 'kayo', 'jett']",598,0.98,197.0,0.97,69.0,128.3,0.7000000000000001,0.34,0.15,0.14,27.0,12.0,amer,challengers,-0.7415037951024681
RetrQ,Burg,"['raze', 'jett', 'clove']",554,0.98,217.4,0.99,68.0,144.8,0.74,0.25,0.13,0.12,26.0,13.0,amer,challengers,0.6365426475168401
Slandy,RF.GC,"['breach', 'skye', 'gekko']",302,0.97,162.2,0.87,68.0,106.9,0.59,0.37,0.04,0.05,25.0,15.0,amer,gc,-6.121079711297868
mummAy,FAIM,"['omen', 'viper', 'astra']",438,0.97,163.5,0.97,73.0,107.6,0.61,0.38,0.03,0.06,29.0,13.0,amer,challengers,-3.397372664892884
Sacy,SEN,"['fade', 'skye', 'sova']",531,0.97,180.0,0.87,73.0,123.8,0.59,0.41000000000000003,0.07,0.1,24.0,16.0,amer,international,-2.813080899566358
eyan,ROSE,"['sova', 'clove', 'skye']",290,0.97,199.1,0.86,67.0,135.2,0.67,0.41000000000000003,0.06,0.08,36.0,10.0,amer,challengers,-0.025347718999742003
Elab0rate,SOL,"['killjoy', 'deadlock', 'cypher']",316,0.96,185.6,1.0,68.0,124.0,0.68,0.16,0.11,0.11,32.0,19.0,amer,gc,-1.94091987178386
Nino,RA,"['sova', 'breach', 'viper']",260,0.96,189.2,0.87,67.0,128.4,0.66,0.27,0.04,0.06,29.0,8.0,amer,challengers,-4.694258935365967
Momiji,FOE,"['sova', 'gekko', 'fade']",502,0.96,191.9,0.9400000000000001,70.0,123.8,0.66,0.31,0.08,0.08,28.0,16.0,amer,challengers,-1.2478833138865801
Bobbert,SEN,"['clove', 'omen', 'astra']",267,0.96,194.9,0.91,72.0,131.4,0.71,0.45,0.06,0.09,22.0,14.0,amer,challengers,-0.311618138390837
neT,M80,"['killjoy', 'cypher', 'viper']",896,0.96,182.2,1.01,70.0,122.1,0.65,0.17,0.08,0.08,32.0,15.0,amer,challengers,-2.469733850022337
sym,TSM,"['neon', 'reyna', 'jett']",766,0.96,224.6,1.0,68.0,147.3,0.8,0.2,0.21,0.2,29.0,22.0,amer,challengers,3.436186427809387
aproto,TSM,"['cypher', 'kayo', 'deadlock']",692,0.96,172.7,0.96,72.0,115.2,0.63,0.23,0.05,0.05,36.0,16.0,amer,challengers,-1.5302098361495249
andrew,RESO,"['neon', 'raze', 'yoru']",234,0.96,195.8,1.0,69.0,131.5,0.72,0.12,0.12,0.13,28.0,9.0,amer,challengers,-3.710475067651083
dapr,SEN,"['cypher', 'viper', 'killjoy']",332,0.96,182.3,0.96,74.0,122.1,0.65,0.27,0.1,0.09,24.0,21.0,amer,international,-0.8699715691370741
silenx,WU,"['viper', 'omen', 'brimstone']",424,0.96,192.7,0.9500000000000001,70.0,127.1,0.68,0.31,0.08,0.11,32.0,32.0,amer,challengers,2.348023676713148
BcJ,M80,"['sova', 'gekko', 'fade']",896,0.96,186.9,0.96,75.0,122.4,0.64,0.34,0.08,0.09,20.0,20.0,amer,challengers,-1.173551830536678
lazy,(+1),"['iso', 'raze', 'killjoy']",223,0.96,227.4,0.92,66.0,151.6,0.77,0.17,0.18,0.19,27.0,30.0,amer,challengers,2.439731092197232
sonder,FLY.R,"['gekko', 'clove', 'deadlock']",544,0.96,201.6,0.98,74.0,128.6,0.71,0.4,0.12,0.1,23.0,16.0,amer,gc,2.150867628244588
canezera,TOR,"['neon', 'raze', 'yoru']",397,0.96,242.4,0.98,70.0,152.9,0.8300000000000001,0.24,0.21,0.17,28.0,8.0,amer,challengers,4.033582975024962
Tillo,spec,"['cypher', 'sova', 'gekko']",659,0.96,185.3,0.9,69.0,132.5,0.63,0.29,0.06,0.09,25.0,11.0,amer,challengers,-4.569785847161069
zeek,Blue,"['breach', 'gekko', 'omen']",595,0.9500000000000001,177.1,0.89,74.0,111.9,0.6000000000000001,0.55,0.05,0.07,24.0,15.0,amer,challengers,-1.273602626436271
OXY,C9,"['jett', 'raze', 'reyna']",214,0.9500000000000001,230.9,0.96,69.0,152.2,0.8,0.15,0.16,0.2,27.0,11.0,amer,international,-0.362092469625085
Vital,Six,"['sova', 'fade', 'breach']",200,0.9500000000000001,170.4,0.85,72.0,117.4,0.59,0.4,0.05,0.08,28.0,3.0,amer,challengers,-5.744694186800646
bdog,DZ,"['breach', 'brimstone', 'jett']",341,0.9500000000000001,186.5,0.93,70.0,121.0,0.66,0.31,0.09,0.13,25.0,18.0,amer,challengers,-3.272026872313557
zerona,Fish,"['fade', 'breach', 'viper']",344,0.9500000000000001,197.4,0.92,71.0,135.6,0.68,0.31,0.08,0.11,29.0,20.0,amer,challengers,0.34255068406286704
car,AxS,"['raze', 'jett', 'yoru']",264,0.9400000000000001,206.7,0.9500000000000001,66.0,143.0,0.72,0.21,0.19,0.17,23.0,9.0,amer,challengers,-2.9614560734001163
moose,C9,"['killjoy', 'cypher']",214,0.9400000000000001,170.2,0.92,64.0,115.0,0.61,0.1,0.1,0.07,26.0,18.0,amer,international,-7.389267859350603
icy,G2,"['jett', 'raze', 'yoru']",525,0.9400000000000001,193.0,0.9500000000000001,70.0,131.1,0.6900000000000001,0.2,0.12,0.14,25.0,15.0,amer,international,-3.179689953197392
Drone,DB,"['breach', 'deadlock', 'sova']",260,0.9400000000000001,185.8,0.9,67.0,126.3,0.67,0.26,0.06,0.05,43.0,21.0,amer,challengers,1.585716851803604
Will,YFP,"['breach', 'deadlock', 'gekko']",220,0.9400000000000001,173.7,0.89,73.0,111.1,0.61,0.37,0.06,0.08,21.0,13.0,amer,challengers,-5.034320441915662
cavern,MOBAP,"['gekko', 'skye', 'sova']",483,0.9400000000000001,195.1,0.92,71.0,127.4,0.65,0.37,0.06,0.1,21.0,12.0,amer,challengers,-3.470705916989515
katsumi,Burg,"['omen', 'viper', 'brimstone']",376,0.9400000000000001,195.6,0.9,72.0,124.8,0.67,0.32,0.08,0.1,36.0,13.0,amer,challengers,0.17586469338076502
Agr0,BZK,"['breach', 'sova', 'fade']",352,0.9400000000000001,204.2,0.89,65.0,137.2,0.72,0.29,0.07,0.11,35.0,15.0,amer,challengers,-0.807660942625666
benjii,FOE,"['cypher', 'killjoy', 'jett']",555,0.93,183.9,0.91,68.0,125.1,0.64,0.21,0.08,0.08,25.0,17.0,amer,challengers,-4.365676059613845
jas0n,LS,"['raze', 'sage', 'omen']",571,0.93,198.0,0.9400000000000001,68.0,129.2,0.68,0.19,0.15,0.16,25.0,19.0,amer,challengers,-3.067588512131982
chloric,FOE,"['raze', 'sova', 'viper']",288,0.92,191.9,0.9400000000000001,69.0,129.8,0.65,0.22,0.06,0.11,19.0,10.0,amer,challengers,-6.899181206015651
cuz,ROSE,"['jett', 'neon', 'raze']",240,0.92,212.8,0.96,69.0,141.2,0.75,0.15,0.16,0.15,24.0,10.0,amer,challengers,-2.03440109798081
kook,ABG,"['yoru', 'jett', 'reyna']",272,0.92,197.3,0.89,62.0,131.2,0.73,0.16,0.11,0.21,27.0,22.0,amer,challengers,-6.33784679427585
zaj,ASTA,"['jett', 'reyna', 'raze']",267,0.92,216.1,0.9,64.0,148.9,0.74,0.18,0.09,0.15,33.0,29.0,amer,challengers,0.72021989731416
A77,WVU,"['sova', 'killjoy', 'cypher']",246,0.91,188.6,0.89,67.0,125.9,0.65,0.22,0.07,0.08,26.0,10.0,amer,challengers,-5.617055739547786
monSi,BLIN,"['sova', 'fade', 'gekko']",476,0.91,166.5,0.89,72.0,105.5,0.58,0.35000000000000003,0.06,0.09,24.0,20.0,amer,challengers,-5.020812476138958
Vixtur,DXG,"['breach', 'harbor', 'sova']",223,0.91,185.0,0.79,66.0,124.6,0.62,0.32,0.05,0.08,21.0,9.0,amer,challengers,-7.884798568682016
oderus,MxS,"['deadlock', 'cypher', 'killjoy']",253,0.91,165.4,0.92,68.0,112.5,0.61,0.21,0.06,0.1,35.0,18.0,amer,challengers,-5.100356530952105
dip,SAD,"['sova', 'gekko', 'skye']",378,0.91,173.2,0.85,69.0,116.5,0.5700000000000001,0.33,0.05,0.07,25.0,15.0,amer,challengers,-5.869411144254138
Xeppaa,C9,"['gekko', 'skye', 'kayo']",214,0.91,175.9,0.78,74.0,121.1,0.5700000000000001,0.39,0.05,0.07,27.0,29.0,amer,international,-0.700234413827689
James,TLP,"['sova', 'skye', 'breach']",290,0.9,166.8,0.81,74.0,108.3,0.58,0.46,0.07,0.07,22.0,14.0,amer,challengers,-4.166114625656377
Toskri,GRID,"['omen', 'iso', 'brimstone']",209,0.9,177.8,0.84,65.0,114.6,0.62,0.24,0.06,0.07,31.0,38.0,amer,challengers,-1.706024871233951
SUPERKAT,PAW,"['sova', 'raze', 'cypher']",295,0.9,174.6,0.89,69.0,118.1,0.63,0.19,0.16,0.17,31.0,9.0,amer,gc,-6.221660285627714
rise,FLOP,"['omen', 'kayo', 'cypher']",202,0.9,170.3,0.87,70.0,116.4,0.61,0.36,0.05,0.06,22.0,10.0,amer,challengers,-5.9790591985993125
Jerk,WU,"['killjoy', 'cypher', 'fade']",220,0.89,177.4,0.8200000000000001,68.0,115.8,0.5700000000000001,0.25,0.05,0.05,21.0,11.0,amer,challengers,-8.339846783315801
Polkan,IluZ,"['skye', 'breach', 'omen']",483,0.89,170.9,0.84,71.0,110.1,0.59,0.43,0.07,0.09,36.0,9.0,amer,challengers,-3.105994232944245
Add3r,DZ,"['cypher', 'sage', 'killjoy']",378,0.89,187.1,0.91,68.0,122.9,0.66,0.19,0.08,0.12,34.0,13.0,amer,challengers,-4.261801474074421
PepegaPig,DawN,"['jett', 'killjoy', 'viper']",216,0.88,189.8,0.9400000000000001,69.0,120.6,0.6900000000000001,0.23,0.09,0.1,23.0,18.0,amer,challengers,-3.587967649465205
In0X,WVU,"['kayo', 'harbor', 'breach']",201,0.88,179.6,0.79,69.0,120.2,0.6000000000000001,0.4,0.06,0.12,31.0,19.0,amer,challengers,-3.61108556141206
ZachaREEE,CB,"['neon', 'raze']",260,0.88,198.9,0.85,67.0,133.6,0.66,0.22,0.14,0.15,23.0,17.0,amer,challengers,-4.369012052454745
marceline,SOL,"['reyna', 'raze', 'jett']",316,0.87,203.6,0.9400000000000001,64.0,136.3,0.73,0.11,0.17,0.16,30.0,12.0,amer,gc,-3.512015846688111
Matt,Burg,"['breach', 'gekko', 'viper']",616,0.87,163.3,0.81,69.0,109.0,0.5700000000000001,0.29,0.06,0.12,24.0,17.0,amer,challengers,-8.74423595073689
jjasonl,Thug,"['breach', 'kayo', 'sova']",238,0.87,186.1,0.72,65.0,121.5,0.59,0.39,0.11,0.11,23.0,14.0,amer,challengers,-6.33062832855094
infiltrator,WU,"['jett', 'neon', 'raze']",220,0.87,208.6,0.88,60.0,136.7,0.72,0.18,0.16,0.21,27.0,8.0,amer,challengers,-7.246342515343825
Nick,TLP,"['omen', 'astra', 'brimstone']",290,0.87,157.4,0.8,72.0,100.4,0.5700000000000001,0.4,0.03,0.07,31.0,12.0,amer,challengers,-6.117335714854257
Recoil,OREG,"['viper', 'cypher', 'omen']",292,0.86,163.7,0.8200000000000001,72.0,104.6,0.59,0.33,0.05,0.06,32.0,11.0,amer,challengers,-5.161285089949612
Awkua,MFC,"['breach', 'cypher', 'killjoy']",342,0.86,180.1,0.8300000000000001,70.0,115.3,0.63,0.36,0.09,0.13,22.0,17.0,amer,challengers,-5.370503868535736
riv,RF.GC,"['killjoy', 'gekko', 'cypher']",387,0.86,162.6,0.78,72.0,102.8,0.56,0.33,0.07,0.1,26.0,24.0,amer,gc,-5.6208381367097235
wedid,DZ,"['omen', 'viper', 'clove']",212,0.86,190.1,0.81,71.0,125.8,0.64,0.35000000000000003,0.08,0.1,26.0,,amer,challengers,-2.940978486627397
qwq,(+1),"['raze', 'jett', 'viper']",259,0.86,194.6,0.9,63.0,133.1,0.71,0.15,0.18,0.19,23.0,24.0,amer,challengers,-4.46902391706208
vanity,C9,"['omen', 'viper']",214,0.86,171.9,0.8200000000000001,65.0,115.0,0.6000000000000001,0.29,0.09,0.14,21.0,11.0,amer,international,-10.208165008688237
lucas,MFC,"['sova', 'breach', 'skye']",459,0.85,161.5,0.76,73.0,100.7,0.54,0.45,0.05,0.08,22.0,20.0,amer,challengers,-5.9810812640366064
Manny,DXG,"['gekko', 'skye', 'neon']",223,0.85,188.8,0.76,64.0,120.2,0.62,0.26,0.14,0.12,28.0,15.0,amer,challengers,-5.7687501052006915
ZukØ,Boom,"['sova', 'skye', 'omen']",223,0.85,174.8,0.74,66.0,121.3,0.59,0.28,0.07,0.09,25.0,15.0,amer,challengers,-7.646884921748798
POISED,TSM,"['breach', 'killjoy', 'skye']",692,0.85,162.2,0.8200000000000001,73.0,106.4,0.5700000000000001,0.36,0.06,0.09,28.0,14.0,amer,challengers,-5.628121986994867
habibti,MESO,"['jett', 'chamber', 'sage']",302,0.85,185.5,0.84,61.0,124.3,0.65,0.21,0.11,0.13,30.0,10.0,amer,gc,-7.6685293764657
sambae,Wook,"['sova', 'killjoy', 'skye']",267,0.85,173.2,0.81,65.0,113.1,0.59,0.27,0.04,0.06,41.0,8.0,amer,challengers,-5.793044362154037
devy,(+2),"['raze', 'jett', 'reyna']",234,0.85,209.0,0.9,66.0,138.2,0.73,0.15,0.2,0.19,27.0,19.0,amer,challengers,-1.8172124285990692
Dinxx,WVU,"['neon', 'jett', 'raze']",268,0.85,191.0,0.89,67.0,128.0,0.66,0.19,0.17,0.19,25.0,13.0,amer,challengers,-5.879617436146555
toozy,FOE,"['omen', 'deadlock', 'viper']",451,0.84,162.2,0.76,73.0,109.2,0.54,0.39,0.05,0.09,26.0,16.0,amer,challengers,-6.232793606065015
oranges,Red,"['deadlock', 'cypher', 'killjoy']",230,0.84,185.3,0.8300000000000001,73.0,124.9,0.67,0.30000000000000004,0.09,0.14,21.0,3.0,amer,gc,-6.92645713483344
sherb,Laze,"['cypher', 'killjoy', 'gekko']",324,0.84,171.2,0.8,66.0,115.2,0.6000000000000001,0.17,0.07,0.09,25.0,14.0,amer,challengers,-9.247384526854464
lyrical,(+3),"['breach', 'neon', 'viper']",230,0.8300000000000001,187.7,0.75,60.0,128.0,0.63,0.26,0.09,0.12,23.0,9.0,amer,challengers,-9.900187834169964
fiziq,YFP,"['sova', 'breach', 'skye']",336,0.8300000000000001,167.6,0.76,71.0,110.6,0.54,0.33,0.1,0.09,21.0,7.0,amer,challengers,-8.727098114109582
Dagr1s,GenZ,"['jett', 'raze', 'neon']",335,0.8200000000000001,187.0,0.84,66.0,121.9,0.66,0.14,0.11,0.18,25.0,14.0,amer,challengers,-8.915087794282785
zekei,FFE,"['jett', 'raze', 'neon']",430,0.81,184.5,0.8,63.0,123.3,0.63,0.2,0.13,0.18,19.0,21.0,amer,challengers,-9.264926740793713
Aero,AWAK,"['brimstone', 'omen', 'viper']",297,0.81,164.2,0.77,63.0,112.5,0.59,0.22,0.06,0.1,36.0,13.0,amer,challengers,-8.631280407475705
flyuh,MxS,"['cypher', 'breach', 'viper']",253,0.8,158.0,0.77,75.0,103.6,0.54,0.46,0.06,0.14,24.0,6.0,amer,challengers,-8.760719663963151
Boostio,100T,"['gekko', 'killjoy', 'cypher']",318,0.8,178.9,0.77,67.0,124.6,0.59,0.26,0.09,0.12,22.0,10.0,amer,international,-8.893685170514704
RIZEU,YDZ,"['breach', 'omen', 'brimstone']",299,0.79,171.6,0.6900000000000001,74.0,112.3,0.54,0.52,0.06,0.11,22.0,10.0,amer,challengers,-6.500756191661524
Booey,(+4),"['clove', 'omen', 'sova']",238,0.79,165.7,0.73,61.0,112.2,0.59,0.27,0.06,0.05,20.0,3.0,amer,challengers,-12.835532459457538
taiga,SEN,"['killjoy', 'deadlock', 'raze']",292,0.79,179.1,0.79,63.0,120.0,0.61,0.24,0.1,0.13,20.0,,amer,international,-9.848110720341811
riku,NSIC,"['fade', 'clove', 'cypher']",319,0.78,190.7,0.77,63.0,124.0,0.66,0.23,0.1,0.13,20.0,5.0,amer,challengers,-10.467663319182776
Spook,New,"['killjoy', 'viper', 'omen']",218,0.77,161.9,0.77,61.0,105.9,0.59,0.18,0.05,0.09,23.0,15.0,amer,challengers,-12.828353256223666
casuaL,(+5),"['gekko', 'fade', 'viper']",386,0.77,155.9,0.7000000000000001,63.0,105.7,0.53,0.34,0.04,0.11,29.0,6.0,amer,challengers,-12.954810424979096
Battison,Van,"['jett', 'raze', 'gekko']",214,0.77,196.6,0.74,57.0,132.2,0.65,0.16,0.14,0.18,25.0,6.0,amer,gc,-11.719682982226873
Nahsie,WU,"['clove', 'breach', 'gekko']",279,0.76,179.8,0.73,64.0,113.5,0.6000000000000001,0.35000000000000003,0.07,0.08,24.0,21.0,amer,challengers,-6.447880006275528
MOCKING,Ions,"['sova', 'fade', 'gekko']",234,0.76,143.5,0.67,69.0,97.8,0.48,0.29,0.06,0.09,20.0,9.0,amer,challengers,-14.224212153135014
richie,Thug,"['killjoy', 'cypher', 'deadlock']",267,0.76,155.5,0.73,61.0,108.3,0.5700000000000001,0.14,0.07,0.07,28.0,15.0,amer,challengers,-11.812510971285153
exile,ASTA,"['killjoy', 'sova', 'raze']",267,0.75,155.2,0.6900000000000001,55.0,105.4,0.55,0.13,0.08,0.09,34.0,6.0,amer,challengers,-15.125753102568687
runi,C9,"['breach', 'viper', 'sova']",214,0.75,151.3,0.68,67.0,101.4,0.51,0.27,0.05,0.07,32.0,6.0,amer,international,-11.528418770381634
Aniemal,Wild,"['omen', 'cypher', 'killjoy']",334,0.74,153.9,0.6900000000000001,63.0,107.4,0.53,0.2,0.07,0.07,22.0,14.0,amer,gc,-12.951863527330115
VantiK,DXG,"['omen', 'viper', 'cypher']",223,0.73,151.8,0.71,67.0,101.9,0.56,0.24,0.06,0.08,32.0,9.0,amer,challengers,-10.4607604392978
Pyro,AOE,"['omen', 'viper', 'fade']",329,0.72,166.0,0.64,62.0,111.3,0.53,0.29,0.09,0.16,19.0,13.0,amer,challengers,-14.594644069816415
Shifty,244.0,['omen'],244,0.6900000000000001,149.8,0.64,61.0,96.6,0.53,0.36,0.07,0.11,26.0,16.0,amer,challengers,-5.378904814438117
Racoone,(+4),"['cypher', 'killjoy', 'kayo']",201,0.68,153.5,0.61,62.0,98.7,0.49,0.31,0.06,0.13,11.0,8.0,amer,challengers,-19.198689976839866
Precision,DB,"['cypher', 'fade', 'breach']",260,0.66,139.1,0.61,63.0,93.3,0.48,0.29,0.05,0.08,31.0,9.0,amer,challengers,-14.483296053436117
SexyChristian,meow,"['breach', 'kayo', 'skye']",205,0.55,126.3,0.52,63.0,85.8,0.42,0.32,0.04,0.06,29.0,,amer,challengers,-15.784712783349308
miNt,FL.GC,"['raze', 'jett']",328,1.31,287.9,1.4100000000000001,74.0,182.8,1.03,0.17,0.26,0.17,37.0,24.0,ap,gc,20.78112954028561
SyouTa,FL,"['raze', 'jett', 'viper']",295,1.12,224.4,1.22,72.0,144.9,0.85,0.18,0.14,0.11,31.0,11.0,ap,challengers,5.7509330955567695
Caedye,RID,"['sova', 'raze', 'gekko']",349,1.11,231.7,1.17,78.0,142.9,0.8200000000000001,0.26,0.13,0.09,32.0,21.0,ap,challengers,10.338009437001205
CLZ,FL,"['sage', 'kayo', 'breach']",295,1.1,190.9,1.05,77.0,133.0,0.68,0.38,0.07,0.09,29.0,31.0,ap,challengers,5.890679018837652
HakuNa,RIG.L,"['viper', 'killjoy', 'cypher']",233,1.09,206.1,1.09,68.0,136.9,0.73,0.15,0.07,0.06,24.0,21.0,ap,gc,0.145380391412438
Xdll,FL,"['fade', 'sova', 'sage']",295,1.08,230.9,1.13,74.0,152.8,0.8200000000000001,0.29,0.12,0.1,27.0,25.0,ap,challengers,8.988513683356922
YamzzI,FL.GC,"['omen', 'gekko']",328,1.06,184.9,1.03,75.0,122.2,0.68,0.45,0.07,0.05,29.0,25.0,ap,gc,5.033270171780225
Seoldam,RID,"['jett', 'gekko', 'cypher']",349,1.06,226.0,1.16,73.0,139.2,0.81,0.2,0.17,0.13,24.0,8.0,ap,challengers,3.050175420660978
Aace,349.0,"['omen', 'viper', 'brimstone']",349,1.04,190.1,1.1,75.0,122.5,0.72,0.33,0.04,0.06,30.0,25.0,ap,challengers,14.572464359162742
romia,FL.GC,"['cypher', 'killjoy', 'sova']",328,1.04,198.6,1.11,70.0,133.3,0.74,0.18,0.08,0.07,30.0,19.0,ap,gc,1.7368788159490252
JoXJo,RID,"['kayo', 'skye', 'fade']",349,1.01,190.6,0.97,76.0,121.0,0.66,0.39,0.07,0.07,29.0,22.0,ap,challengers,2.8688877695803043
yatsuka,RID,"['killjoy', 'omen', 'viper']",349,0.98,187.1,1.06,73.0,123.4,0.71,0.22,0.09,0.08,34.0,23.0,ap,challengers,2.707738335913747
R4M,233.0,"['brimstone', 'omen', 'viper']",233,0.98,197.9,0.92,75.0,127.9,0.6900000000000001,0.4,0.08,0.1,22.0,19.0,ap,gc,7.817994323012061
maripo,RIG.L,"['skye', 'sova', 'fade']",233,0.97,191.9,0.9400000000000001,70.0,133.7,0.7000000000000001,0.31,0.06,0.09,20.0,21.0,ap,gc,-1.702129150730012
Curumi,FL.GC,"['breach', 'kayo', 'viper']",328,0.9500000000000001,187.9,0.89,72.0,120.9,0.63,0.5,0.06,0.07,19.0,11.0,ap,gc,-2.571664295548562
TENNN,FL,"['cypher', 'killjoy', 'viper']",295,0.9500000000000001,180.1,1.02,70.0,120.1,0.71,0.18,0.09,0.09,40.0,12.0,ap,challengers,-0.5388424993794361
Zodiac,233.0,"['raze', 'jett', 'neon']",233,0.9500000000000001,222.5,0.93,69.0,155.1,0.75,0.22,0.18,0.15,22.0,22.0,ap,gc,9.399194297004449
GON,FL,"['omen', 'brimstone']",295,0.92,165.4,0.9400000000000001,73.0,101.6,0.62,0.33,0.05,0.09,33.0,13.0,ap,challengers,-3.952303914197728
PingSong,FL.GC,"['fade', 'sova', 'skye']",328,0.9,178.4,0.86,74.0,116.1,0.61,0.36,0.09,0.07,26.0,17.0,ap,gc,-1.601343626778722
HANE,RIG.L,"['gekko', 'kayo', 'breach']",233,0.85,186.5,0.8200000000000001,73.0,123.3,0.65,0.43,0.09,0.11,32.0,8.0,ap,gc,-1.391527041424418
aNNja,NSR.I,['jett'],224,1.25,282.1,1.28,73.0,181.8,0.99,0.18,0.21,0.17,37.0,5.0,emea,gc,13.931689157029322
Avez,NASR,"['killjoy', 'cypher', 'fade']",215,1.17,227.3,1.17,69.0,152.1,0.8200000000000001,0.18,0.1,0.07,35.0,12.0,emea,challengers,5.961725268083039
SimonD4rk,R8,"['reyna', 'raze', 'yoru']",473,1.15,250.6,1.18,71.0,167.5,0.86,0.25,0.15,0.16,18.0,13.0,emea,challengers,5.276120679811099
Akai,FLC,"['raze', 'neon', 'jett']",277,1.1400000000000001,248.5,1.2,67.0,165.4,0.88,0.13,0.17,0.21,26.0,21.0,emea,challengers,5.076383815248696
sickrey,R8,"['gekko', 'skye', 'sova']",492,1.13,198.6,1.13,74.0,134.0,0.71,0.39,0.05,0.05,30.0,13.0,emea,challengers,4.119709735204459
Moh,TU,"['omen', 'brimstone', 'chamber']",529,1.08,204.6,1.07,73.0,139.5,0.74,0.30000000000000004,0.1,0.07,31.0,8.0,emea,challengers,3.266391746643652
7ssk7,NASR,"['breach', 'phoenix', 'skye']",215,1.06,190.1,0.93,76.0,122.2,0.65,0.47000000000000003,0.08,0.06,35.0,8.0,emea,challengers,2.819104469516604
Fighter,TU,"['raze', 'jett', 'neon']",252,1.05,224.1,1.06,68.0,150.0,0.8,0.15,0.13,0.15,33.0,12.0,emea,challengers,1.87007655879993
Bgg,R8,"['viper', 'omen', 'brimstone']",492,1.0,183.9,1.0,72.0,123.7,0.65,0.29,0.12,0.1,28.0,17.0,emea,challengers,-0.304506671963499
nugget,GMX.L,"['cypher', 'killjoy', 'brimstone']",224,0.97,192.8,0.92,70.0,128.4,0.67,0.18,0.08,0.05,22.0,13.0,emea,gc,-3.6028003080605018
Winteryrook,R8,"['sage', 'astra', 'viper']",492,0.97,201.8,0.99,72.0,130.6,0.72,0.32,0.11,0.1,32.0,6.0,emea,challengers,0.8121967168517511
rainssa,BACK,"['omen', 'astra', 'viper']",224,0.97,195.9,0.98,69.0,135.7,0.6900000000000001,0.24,0.08,0.13,30.0,21.0,emea,gc,-0.7675211463088101
KHaaLiD,TU,"['breach', 'sage', 'sova']",529,0.96,189.0,0.9500000000000001,69.0,125.7,0.66,0.29,0.07,0.1,33.0,21.0,emea,challengers,-0.504021762081457
Sand,TU,"['cypher', 'viper', 'killjoy']",529,0.93,179.6,0.9400000000000001,66.0,123.5,0.66,0.19,0.06,0.1,33.0,13.0,emea,challengers,-5.07206043479891
moner,R8,"['killjoy', 'cypher', 'chamber']",492,0.92,178.4,0.9400000000000001,71.0,122.9,0.63,0.16,0.09,0.08,25.0,12.0,emea,challengers,-5.097444451502589
vakk,NASR,"['gekko', 'sova', 'cypher']",215,0.9,170.1,0.89,70.0,117.9,0.61,0.26,0.1,0.07,28.0,26.0,emea,challengers,-1.691443382592401
SpYzera,TU,"['skye', 'gekko', 'iso']",529,0.9,178.5,0.86,69.0,117.4,0.61,0.32,0.07,0.09,29.0,4.0,emea,challengers,-6.303419494320365
sibeastw0w,NASR,"['neon', 'jett', 'raze']",215,0.87,191.5,0.84,67.0,126.9,0.64,0.23,0.15,0.21,20.0,27.0,emea,challengers,-5.702291486197543
T4C,Curs,"['breach', 'kayo', 'sage']",224,0.87,164.7,0.8,71.0,104.1,0.5700000000000001,0.49,0.04,0.09,19.0,24.0,emea,gc,-5.443915523126032
xenon,NASR,"['omen', 'brimstone', 'astra']",215,0.86,168.5,0.8200000000000001,68.0,104.7,0.59,0.38,0.07,0.11,38.0,13.0,emea,challengers,-4.674715101394838
dati,FUT.Fe,"['gekko', 'sova', 'breach']",224,0.75,151.2,0.6900000000000001,65.0,107.1,0.5,0.27,0.07,0.07,32.0,13.0,emea,gc,-9.937088067755694
IKANA,GZL,"['sova', 'skye', 'fade']",362,1.16,210.0,1.19,72.0,141.0,0.75,0.36,0.07,0.07,23.0,19.0,ap,challengers,4.643597077225613
murza,Dead,"['cypher', 'jett', 'iso']",362,1.1400000000000001,232.9,1.23,73.0,151.2,0.8200000000000001,0.21,0.14,0.11,22.0,14.0,ap,challengers,5.513424292727044
kiss,Dead,"['omen', 'viper', 'brimstone']",340,1.1,213.2,1.09,76.0,144.3,0.76,0.42,0.12,0.11,33.0,26.0,ap,challengers,9.972699985405889
Myth,FOC,"['omen', 'kayo', 'brimstone']",270,1.1,199.6,1.03,77.0,125.3,0.6900000000000001,0.48,0.06,0.06,25.0,21.0,ap,challengers,4.844075306730253
ANDY,FC,"['iso', 'jett', 'deadlock']",362,1.08,218.8,1.1,74.0,147.3,0.78,0.28,0.15,0.13,21.0,12.0,ap,challengers,3.31789140201077
MaiShiu,FOC,"['sova', 'fade']",270,1.07,207.7,1.06,70.0,137.1,0.71,0.31,0.11,0.07,28.0,20.0,ap,challengers,3.8353318104246563
vizsla,FOC,"['killjoy', 'viper', 'cypher']",270,1.03,220.8,1.06,69.0,146.9,0.75,0.18,0.11,0.08,29.0,3.0,ap,challengers,0.48696016261201003
RAMEN,AZN,"['gekko', 'cypher', 'killjoy']",362,1.01,183.1,1.01,73.0,122.1,0.63,0.24,0.06,0.04,22.0,13.0,ap,challengers,-2.8799562843595803
Bonobo,FOC,"['jett', 'raze', 'neon']",270,0.92,194.0,0.92,71.0,133.4,0.67,0.16,0.16,0.15,25.0,10.0,ap,challengers,-3.856712714695414
Blessed,FOC,"['kayo', 'viper', 'gekko']",270,0.9,177.6,0.85,69.0,113.1,0.6000000000000001,0.42,0.09,0.11,29.0,5.0,ap,challengers,-5.457905586955153
CHICHOO,EDG,"['killjoy', 'cypher', 'brimstone']",694,1.18,216.2,1.22,76.0,139.3,0.78,0.28,0.09,0.06,29.0,16.0,cn,international,6.871887882098851
Smoggy,EDG,"['viper', 'omen', 'raze']",694,1.1400000000000001,213.0,1.22,76.0,137.7,0.76,0.36,0.07,0.07,28.0,15.0,cn,international,6.184100437221307
ZmjjKK,EDG,"['omen', 'neon', 'jett']",694,1.1,247.4,1.18,69.0,156.6,0.87,0.21,0.22,0.2,24.0,17.0,cn,international,5.836647744756512
Kai,TE,"['jett', 'cypher', 'killjoy']",426,1.1,230.7,1.18,70.0,152.5,0.84,0.18,0.17,0.12,29.0,4.0,cn,international,4.093363114074065
Autumn,FPX,"['yoru', 'cypher', 'kayo']",500,1.08,207.3,1.05,71.0,135.2,0.73,0.27,0.13,0.07,32.0,15.0,cn,international,3.901797971214583
LuoK1ng,TE,"['omen', 'brimstone', 'astra']",426,1.04,187.2,1.03,74.0,121.3,0.6900000000000001,0.36,0.06,0.05,33.0,,cn,international,2.316324550553604
S1Mon,EDG,"['kayo', 'breach', 'fade']",694,0.99,171.1,0.9500000000000001,76.0,114.0,0.61,0.45,0.06,0.04,29.0,20.0,cn,international,1.532972371735859
AAAAY,FPX,"['sova', 'breach', 'kayo']",500,0.97,191.3,1.05,68.0,129.9,0.71,0.29,0.06,0.06,31.0,6.0,cn,international,-1.352234682444952
BerLIN,FPX,"['astra', 'kayo', 'viper']",500,0.96,185.0,0.93,69.0,124.5,0.64,0.36,0.09,0.1,26.0,7.0,cn,international,-3.926067694087981
FengF,TE,"['killjoy', 'raze', 'cypher']",426,0.9500000000000001,202.7,1.03,67.0,135.6,0.72,0.13,0.12,0.12,29.0,15.0,cn,international,-1.745084370304444
nobody,EDG,"['gekko', 'sova', 'skye']",694,0.93,191.1,0.98,72.0,126.5,0.66,0.29,0.08,0.11,33.0,24.0,cn,international,1.150627102410145
Flex1n,BLG,"['omen', 'harbor', 'viper']",339,0.93,183.6,0.96,73.0,120.6,0.64,0.39,0.06,0.09,36.0,15.0,cn,international,0.6252963306240561
whzy,Toe,"['raze', 'jett', 'chamber']",339,0.92,227.1,0.99,65.0,145.4,0.79,0.19,0.19,0.2,22.0,,cn,challengers,-1.307735070622156
heybay,TE,"['breach', 'kayo', 'viper']",426,0.86,163.8,0.81,74.0,106.9,0.5700000000000001,0.42,0.07,0.08,25.0,9.0,cn,international,-5.529160329198403
Lysoar,,"['omen', 'killjoy', 'cypher']",500,0.85,191.3,0.97,70.0,127.3,0.66,0.36,0.05,0.05,20.0,13.0,cn,challengers,-2.436285073425795
Biank,TE,"['sova', 'skye', 'fade']",426,0.8200000000000001,184.8,0.85,64.0,117.0,0.61,0.32,0.09,0.12,16.0,35.0,cn,international,-5.093829917282785
Knight,BLG,"['breach', 'sova', 'killjoy']",339,0.8,177.3,0.86,64.0,119.5,0.61,0.45,0.04,0.06,29.0,8.0,cn,international,-5.141481948951817
nephh,BLG,"['fade', 'kayo', 'sova']",339,0.77,190.5,0.88,58.0,119.7,0.66,0.4,0.08,0.09,20.0,,cn,international,-6.704604854129646
Life,FPX,"['jett', 'raze', 'yoru']",500,0.71,206.3,0.92,61.0,130.0,0.71,0.16,0.19,0.2,32.0,13.0,cn,international,-4.48886374364476
Yosemite,BLG,"['cypher', 'killjoy', 'viper']",339,0.61,181.6,0.8,55.0,122.2,0.61,0.26,0.09,0.09,25.0,,cn,international,-9.41411405418335
Chaos,ALG,"['cypher', 'iso', 'killjoy']",208,,215.4,1.04,,148.7,0.79,0.18,0.15,0.16,,,cn,challengers,1.416691218551795
Link,ALG,"['viper', 'cypher', 'kayo']",208,,165.5,0.71,,112.6,0.56,0.35000000000000003,0.08,0.11,,,cn,challengers,-6.978011554428394
Volay,ALG,"['skye', 'sova', 'astra']",208,,166.9,0.81,,120.2,0.61,0.22,0.06,0.08,,,cn,challengers,-6.267737954489542
Kr1stal,XLG,"['sova', 'kayo', 'viper']",310,,234.6,1.23,,154.7,0.77,0.28,0.1,0.1,,,cn,challengers,5.596047926291275
Rarga,XLG,"['neon', 'jett', 'raze']",310,,267.8,1.35,,173.0,0.96,0.19,0.24,0.17,,,cn,challengers,12.061925582551176
MarT1n,XLG,"['omen', 'viper', 'harbor']",310,,154.3,0.86,,102.1,0.52,0.37,0.06,0.05,,,cn,challengers,-6.122091568363267
MrCANI,XLG,"['breach', 'gekko', 'omen']",310,,181.5,1.03,,116.7,0.68,0.38,0.04,0.03,,,cn,challengers,-0.413088601404036
happywei,XLG,"['cypher', 'killjoy', 'vyse']",310,,202.0,0.97,,131.7,0.68,0.25,0.1,0.1,,,cn,challengers,-0.973663810488762
Persia,SPG,"['omen', 'brimstone', 'clove']",408,1.23,211.5,1.25,75.0,143.2,0.76,0.45,0.08,0.05,33.0,25.0,ap,challengers,11.265826489947747
Karon,GEN,"['omen', 'viper', 'brimstone']",565,1.13,198.0,1.18,78.0,127.1,0.74,0.43,0.09,0.05,34.0,16.0,ap,international,8.200737185053699
t3xture,GEN,"['jett', 'raze']",565,1.12,238.0,1.23,70.0,153.0,0.84,0.17,0.21,0.14,26.0,11.0,ap,international,5.761858355070112
Dambi,SPG,"['neon', 'raze', 'iso']",408,1.11,242.0,1.13,75.0,157.4,0.8300000000000001,0.24,0.18,0.13,23.0,19.0,ap,challengers,7.965590621202153
freeing,RA,"['killjoy', 'cypher', 'viper']",249,1.1,221.4,1.16,69.0,147.5,0.8,0.13,0.12,0.08,34.0,9.0,ap,challengers,3.626623220884452
Meteor,GEN,"['killjoy', 'cypher', 'yoru']",565,1.1,218.5,1.23,72.0,144.9,0.79,0.18,0.1,0.09,31.0,11.0,ap,international,4.131715894662377
Munchkin,GEN,"['kayo', 'viper']",565,1.09,197.5,1.02,78.0,130.1,0.64,0.55,0.09,0.08,21.0,6.0,ap,international,1.950622473007273
Xross,NS,"['killjoy', 'cypher', 'yoru']",357,1.09,202.6,1.17,76.0,131.9,0.74,0.33,0.06,0.04,22.0,13.0,ap,challengers,3.229815819726461
Ivy,SPG,"['viper', 'deadlock', 'sova']",408,1.08,202.4,1.11,80.0,130.5,0.72,0.33,0.09,0.07,31.0,16.0,ap,gc,5.966014755516191
Hermes,DK,"['kayo', 'sova']",249,1.08,202.5,0.99,74.0,136.1,0.66,0.51,0.07,0.08,24.0,9.0,ap,challengers,1.661968488719106
Cloy,NS,"['omen', 'harbor']",357,1.07,201.9,1.09,73.0,130.2,0.73,0.38,0.08,0.08,34.0,15.0,ap,challengers,4.4537418627031045
BuZz,DRX,"['jett', 'neon', 'raze']",666,1.06,235.3,1.13,70.0,149.4,0.8200000000000001,0.15,0.19,0.17,22.0,33.0,ap,international,5.8512912650707065
Flashback,DRX,"['cypher', 'clove', 'killjoy']",666,1.06,212.5,1.12,72.0,138.9,0.76,0.22,0.11,0.07,30.0,20.0,ap,international,4.928338880071369
MaKo,DRX,"['omen', 'viper', 'brimstone']",666,1.03,197.8,1.0,74.0,129.1,0.67,0.39,0.08,0.09,28.0,15.0,ap,international,1.583540860503637
SID,NS,"['viper', 'clove', 'jett']",357,1.03,218.8,1.06,71.0,144.0,0.74,0.24,0.13,0.12,28.0,29.0,ap,challengers,5.101484483305359
margaret,SPG,"['cypher', 'killjoy', 'yoru']",408,1.02,194.7,1.1,72.0,129.5,0.7000000000000001,0.26,0.11,0.12,31.0,17.0,ap,challengers,1.348494341244309
Francis,SPG,"['fade', 'skye', 'yoru']",408,1.0,188.2,0.99,75.0,120.6,0.68,0.39,0.08,0.09,27.0,10.0,ap,challengers,-0.230959737339117
yoman,NS,"['fade', 'kayo', 'sova']",357,0.96,175.9,0.97,71.0,118.2,0.61,0.35000000000000003,0.07,0.08,19.0,16.0,ap,challengers,-4.24142890614167
SeliG,DK,"['raze', 'jett']",249,0.92,199.6,0.9400000000000001,70.0,137.1,0.71,0.15,0.17,0.18,29.0,5.0,ap,challengers,-3.714295210655345
Pkm,NS,"['raze', 'jett', 'iso']",357,0.92,212.4,0.9500000000000001,69.0,135.7,0.73,0.19,0.17,0.16,28.0,22.0,ap,challengers,0.687924778052975
Lakia,GEN,"['sova', 'gekko', 'fade']",565,0.92,165.9,0.92,73.0,111.7,0.5700000000000001,0.34,0.07,0.08,25.0,22.0,ap,international,-3.194261361877325
exy,DK,"['omen', 'viper']",249,0.89,166.4,0.8300000000000001,71.0,111.1,0.59,0.36,0.05,0.1,43.0,15.0,ap,challengers,-2.3845276247502563
BeYN,DRX,"['sova', 'kayo', 'skye']",666,0.88,165.9,0.85,71.0,111.0,0.58,0.26,0.06,0.09,26.0,24.0,ap,international,-5.182370580537394
iNTRO,DK,"['gekko', 'sova', 'breach']",249,0.88,166.6,0.8300000000000001,65.0,114.3,0.59,0.29,0.06,0.08,30.0,15.0,ap,challengers,-6.7537651609664096
Foxy9,DRX,"['kayo', 'breach', 'killjoy']",666,0.88,169.9,0.85,71.0,112.6,0.6000000000000001,0.4,0.06,0.09,30.0,13.0,ap,international,-4.007112272141098
